customer_id,voorletters,voornaam,tussenvoegsel,naam,geslacht,geboortedatum,telefoon,email,nuts_home_customer_nr
CID-052F5119,M.E.B.,Iris,,Verhelst,V,,738603028,ty.small@comcast.net,6689227
CID-8BC54E2F,A.C.L.M.,Kevin,,Linschoten,M,,31848638266,ijy45wbvm68muo0tzn@yahoo.com,6863027
CID-7DD8491E,H.,Rob,,Kraa,M,,31755526198,teejay.duffy@yahoo.com,6863033
CID-5AFE8068,R.W.,Patrick,,Aalders,M,,31922028647,epy17yhd7dnf@aol.com,6863040
CID-5E6A159A,J.,Vincent,van,Pelt,M,,31835289394,santino.henson@comcast.net,6863078
CID-E1E9102D,H.G.R.,Joran,,Maas,M,,31807287273,ciy3eqgzy66@aol.com,6863084
CID-A0014F93,H.C.,Lars,,Loudon,M,,31993879649,p674vuat6j@aol.com,6863104
CID-311CC255,J.W.,Pieter,,Erdman,M,,31985092548,sylvain.newman@gmail.com,6863128
CID-75C9223D,A.H.,Maarten,van,Dam,M,,31670385500,yq1e7lwylku@hotmail.com,6863131
CID-B802E63F,P.W.S.M.,Kees,,Klein Hofmeijer,M,,31994316809,hubert.garcia@msn.com,6863144
CID-5CF476B6,J.P.A.,Marcel,,Schavemaker,M,,31850758611,yl7z7hivl1r3sof4p1@googlemail.com,6863210
CID-0F2CDE2C,W.,Stefan,,Broer,M,,31901938813,cc5zulehoni2qi5x@rediffmail.com,6863226
CID-3E181422,H.,Rik,,Haange,M,,31780204481,calean.head@yahoo.com,6863238
CID-DB92DFD6,C.A.,Sophie,,Stephan,V,,31894665829,xy6lmb1r42uk2hgshdo@msn.com,6863254
CID-6AA3149B,L.,Eva,,Jansen,V,,31658129179,crombie.lowery@outlook.com,6863268
CID-46C0C0A3,P.,Wouter,,Visser,M,,31734964735,qjtn9r765x33@outlook.com,6863281
CID-DFE8DD72,D.H.R.,Gijs,,Lecluse,M,,31733460579,badr.beach@yahoo.com,6863283
CID-15419357,M.W.,Inge,,Walenkamp,V,,31865372098,586d9j14xzogz67zj5wy@hotmail.com,6863328
CID-77FCA5FA,H.J.,Frank,,Daalwijk,M,,31835757685,ew13q8uwo4av576m1aw6@outlook.com,6863329
CID-E7B1947D,A.C.,Bart,van,Slooten,M,,31822827828,joeddy.pearson@outlook.com,6863405
CID-DAA23BA2,M.A.M.L.,Liam,de,Kroon,M,,31829719515,ems1kn1o05rc55@comcast.net,6001703
CID-3AC7EEF1,H.C.,Sara,,Bebelaar-Visser,V,,31675661364,ridwan.howell@gmail.com,6002504
CID-F8FF2128,W.,Thijs,van,Rooyen,M,,31804638763,davie.dixon@googlemail.com,6494516
CID-DF70EBF1,R.,Merel,,Konings - Wekking,V,,31912882902,a84tpn9iqm@rediffmail.com,6511592
CID-12F73E18,H.N.B.,Hans,,Janssen,M,,31965131110,n5ls6rl2qqwumgel0xf@ymail.com,6847482
CID-02296F92,L.W.,Chantal,,Rutten-Rijkens,V,,31815790647,kaine.mcgee@gmail.com,6862995
CID-D1AAFAC0,S.,Corinne,van der,Sluis,V,,31849469147,f4gfffa9dpq@outlook.com,6862997
CID-C789989F,R.P.E.F.,Ewout,van der,Bijl,M,,31853548381,josese.goodman@outlook.com,6863016
CID-70568448,T.,Laura,,Visser - Faber,V,,31699806101,ct89yr5s9it1m0vod7b@ymail.com,6863043
CID-0B479F81,N.,Mila,van,Gelder,V,,31631985704,nickhill.mcfadden@msn.com,6863069
CID-F4090205,B.,Jeroen,,Chaplin,M,,31921729436,dp4c6nvbebi@aol.com,6863127
CID-764E33A4,H.,Willem,,Bennink,M,,31908525083,5zc6svcztmh@aol.com,6863142
CID-7CC68F52,A.C.M.,Denise,,Luijf,V,,31714278682,j9acg0ekdcl6su@ymail.com,6863176
CID-A3F654AB,M.J.B.C.A.M.,Erwin,,Wolfs,M,,31770970726,ferre.bennett@outlook.com,6863208
CID-D1B6B48E,A.J.,Hugo,,Kwindt,M,,31938568361,gpv8sgkh417hb4uu@ymail.com,6863249
CID-3EED7EA8,P.R.,Bas,de,Vries,M,,31917917641,bjuhqtx8a5v1re4aoy@outlook.com,6863275
CID-3DD086B9,F.W.P.,Niels,de,Neree Tot Babberich,M,,31704387535,wayne.guzman@outlook.com,6683711
CID-235DB152,T.C.,Mark,,Louwrier,M,,31631134419,o2klonp7eoym9ok91@googlemail.com,6862958
CID-DD83B17C,J.J.,Piet,,Blom,M,,31968916935,harnek.horton@msn.com,6862959
CID-436CF132,R.F.,Sander,,Dijkstra,M,,31999070859,asfhan.oneal@gmail.com,6863055
CID-C1C0A627,S.,Dirk,,Geleijns,M,,31895519886,ubw7xk5tvns3jld@aol.com,6863065
CID-BDAAAC6D,M.E.,Wendy,,Stekelenburg-Minck,V,,31667079711,cain.george@msn.com,6863070
CID-C39245F8,W.J.,Anna,van der,Horst,V,,31874419609,jimmy.hammond@rediffmail.com,6863212
CID-94CD6E4E,M.J.T.,Lena,van der,Pol,V,,31666772577,97f4ts1egulsi@ymail.com,6863267
CID-4C60D349,R.,Dennis,,Albers,M,,31785330345,m7b32koqkvaxk0@msn.com,6863284
CID-2676F41F,P.J.T.,Jan,van den,Berk,M,,31913114630,828vig61l76u8jj5n@hotmail.com,6863290
CID-E36CF8B5,M.J.M.,Jolien,,Recoert,V,,31999949024,bailey.gilmore@outlook.com,6863302
CID-F87F79BD,S.,Leon,van,Kooperen,M,,31829623400,udapa2kvyus8zz@gmail.com,6863303
CID-C0BCFAF5,O.,Luuk,,Akkerman,M,,31978405225,benjamyn.anthony@gmail.com,6863326
CID-D4B11BD0,R.,Tom,,Buis,M,,31730922973,nathan-rae.francis@rediffmail.com,6863280
CID-11BC42D7,D.,Iris,van,Andel,V,,31893390462,hately.jarvis@hotmail.com,6863309
CID-743B4ADE,G.T.,Kevin,,Verwoert,M,,31855387134,dhxsqdq4cyt4hfcflv@msn.com,6863323
CID-7BED3261,I.,Rob,van,Assen,M,,31904153125,kirk.stephens@googlemail.com,6863324
CID-18ACBDC6,R.G.A.,Patrick,,Houthuysen,M,,31876957561,graeme.wilkerson@hotmail.com,6863356
CID-3642A925,P.P.M.K.,Vincent,,Janssen,M,,31763881257,32troldmsbp@outlook.com,6863391
CID-32103F0F,P.J.,Joran,,Nijland,M,,31761299002,gus.dixon@rediffmail.com,6863406
CID-51967007,G.J.,Lars,,Wolse,M,,31994268555,joeddy.paul@googlemail.com,6863416
CID-B664A54E,E.,Pieter,de,Leeuw,M,,31933397831,e8e25z7t49@msn.com,6863432
CID-DBB99648,R.,Amber,van der,Draai,V,,31967712313,zmgkk9gxq5sfhg9lgau@comcast.net,6863454
CID-35F65753,J.,Kees,,Emons,M,,31777284302,gio.hoffman@gmail.com,6863459
CID-4BAB6678,M.R.,Marcel,,Wagenaar,M,,31931978295,n35bvk5p8plumxo3w3@msn.com,6863462
CID-EBF491C6,E.M.,Bianca,,Boerma - Van den Wall Bake,V,,31862307507,eoghain.bolton@gmail.com,6863467
CID-53D38501,J.J.,Rik,,Joziasse,M,,31771885960,mbf1jrfpfcqy@rediffmail.com,6863488
CID-7A6F47A8,D.,Daan,van,Aggelen,M,,31793672133,johansson.montgomery@googlemail.com,6863412
CID-7489C3C2,A.P.V.,Sven,,Schipper,M,,31798694487,9qmkhzthvwcudkvud1me@googlemail.com,6863464
CID-A7FCD94B,A.,Charlotte,,Blaas,V,,31911228814,abid.galloway@yahoo.com,6863489
CID-C9F5A199,S.,Bo,,Borgman,V,,31801453372,o84ya7rgox93cwxpabc8@comcast.net,7340923
CID-24226FD8,W.H.,Henk,,Mensink,M,,31781227814,calen.phelps@googlemail.com,7341440
CID-AD03562A,R.D.G.,Frank,,Beumker,M,,31723784687,2uijpyyxllnae6lpsjzj@aol.com,7341617
CID-64D0D07B,E.H.J.,Bart,,Roos,M,,31948713272,shaun-thomas.robbins@comcast.net,7341825
CID-4C698908,G.H.A.,Liam,,Meulenberg,M,,31915646335,64v0jsn10anocvt31i@comcast.net,7341902
CID-E57CA6F0,A.J.M.,Joost,,Groenhuysen,M,,31782745258,sanaullah.frazier@comcast.net,7341944
CID-072C80BA,R.J.,Thijs,,Gips,M,,31649048099,0l7h79u5u0ke40@aol.com,7342000
CID-29D1EB2F,R.,Arjan,,Damen,M,,31701597424,aristomenis.calhoun@msn.com,7342095
CID-D4F36603,B.F.,Vera,van,Eckeveld - Samson,V,,31928649027,5fmcqlm2t9ohw@gmail.com,7342336
CID-426981CE,R.,Chantal,,Twigt,V,,31818228991,niraj.richards@yahoo.com,7342357
CID-EE09C729,C.H.,Remco,,Smit,M,,31630538407,w9yebnrvdhd@comcast.net,7342657
CID-DA886EAD,P.W.F.,Ewout,van,Schaik,M,,31960437638,taonga.wong@yahoo.com,7342864
CID-77DBE15F,B.,Stijn,van,Delden,M,,31807998290,34j7xqg2sbkjr4tu071@hotmail.com,7342879
CID-3073C816,J.,Rick,,Hagedoorn,M,,31677362093,ashtyn.frazier@comcast.net,7343103
CID-2E68F98D,H.G.J.,Femke,van,Cappelle,V,,31713219390,aqtm641newkp2v@googlemail.com,7345254
CID-E0A4E15C,L.R.M.,Willem,,Heerkens Thijssen,M,,31686448098,sami.sosa@gmail.com,7345534
CID-729B6A4F,H.P.W.,Erik,van der,Horst,M,,31836271636,rayane.hess@gmail.com,7341477
CID-29760BAE,C.,Mariëlle,,Keulen,V,,31814010602,vbq4gig1xor142yk70io@rediffmail.com,7341527
CID-4F93E370,M.J.M.,Hanneke,,Nij Bijvank,V,,31782034588,kieren.higgins@rediffmail.com,7341554
CID-6E640D0B,A.,Bas,,Tot,M,,31777011232,otto.day@msn.com,7341564
CID-33095E3C,E.,Nina,,Hiense,V,,31777120462,dy1pwcxt1ys@yahoo.com,7341600
CID-38F6D8ED,J.,Mark,,Romeijn,M,,31810029566,pearce.gilmore@comcast.net,7341612
CID-5BA065F9,A.E.,Elise,,Meekel- van Schaik,V,,31625526405,xq5dj2o6de6crfdq48@comcast.net,7341658
CID-2F02875F,M.A.H.,Sander,,Hoeder,M,,31712893765,jagat.pruitt@googlemail.com,7341844
CID-71F46D5E,F.J.J.H.,Rianne,van,Bommel,V,,31806587099,wp5d8lzjcxvyas@comcast.net,7342548
CID-B1E65D61,R.J.H.,Bram,van,Lith,M,,31670194413,vgjikw4y80d4@gmail.com,7342918
CID-E60ACFB9,A.,Tim,van,Bezooijen,M,,31944228120,cohan.cohen@yahoo.com,7343120
CID-718ACDD8,B.I.,Finn,van der,Linden,M,,31760567868,ma1pw10v3nu@outlook.com,7343709
CID-EDA28734,M.,Hannah,de,Bakker-Vetter,V,,31939234417,bentley.hernandez@rediffmail.com,7343844
CID-DF6EBD4A,F.,Fenna,,Elkouaa,V,,31608658698,c0vo4ieolobof9twfxa@aol.com,7345852
CID-4525859E,A.M.,Jolien,,Camfferman,V,,31986049924,nelson.mckinney@hotmail.com,7345996
CID-1787482D,E.J.A.,Leon,den,Boer,M,,31905253791,ufjcgbmphz6k5voju@hotmail.com,7346844
CID-51ABDE0C,D.,Esther,,Verlaan,V,,31871225738,killian.hurst@rediffmail.com,7347437
CID-4EC383B0,J.A.,Tom,van,Hemert,M,,31989280653,yeegfepbpll@rediffmail.com,7347964
CID-FD817AB2,D.E.,Ruben,,Bos,M,,31667350857,jaydon.bender@googlemail.com,7348434
CID-BFCB0E4C,H.G.,Kevin,van,Wijk,M,,31766160854,ythj4cfjnwt5@comcast.net,7348658
CID-EF0BC2F8,A.J.,Silke,,Markusse,V,,31674708026,ahoua.bradshaw@gmail.com,7346105
CID-D7E56082,Q.Y.,Karen,,Qian,V,,31847857988,qvxcjx4w50w4sqez2wg@msn.com,7346243
CID-5096B274,M.H.,Monique,,Wagenaar,V,,31650294076,1wjwru6qff27v@hotmail.com,7347452
CID-6A96D36D,J.P.,Joran,van,Hoek,M,,31803635827,4zeno2ub9kqo23c@hotmail.com,7350722
CID-D1DA0D7D,H.,Lars,van,Ginkel,M,,31775756089,darcy.valencia@comcast.net,7351306
CID-E2293F1F,R.M.,Pieter,,Blom,M,,31710078643,z1vwbrjxhf0hbi@msn.com,7353873
CID-7A0DFF93,J.S.,Maarten,de,Vink,M,,31833465152,aleem.ballard@aol.com,7355684
CID-C6D0609C,H.,Kees,,Labout,M,,31902380500,hadyn.noel@hotmail.com,7356378
CID-D54EF9AB,M.C.A.,Marieke,van,Beers - Kulsdom,V,,31783105479,261h1uapftbys@outlook.com,7357280
CID-5A9E7201,M.W.L.,Bianca,,Hendriksen,V,,31826864275,argyle.graves@aol.com,7363362
CID-CCC3F908,M.J.T.,Rik,van,Geffen,M,,31886557454,dwg02alnaieobi7@aol.com,7367470
CID-96792770,F.,Daan,,Kolmus,M,,31731941008,gregory.mcclain@hotmail.com,7367829
CID-B0012941,W.J.G.M.,Eva,van,Leeuwen,V,,31652404157,dale.burton@ymail.com,7367837
CID-8F3056D6,F.O.,Wouter,,Helmus,M,,31764852779,8187fe82d5o3b8@outlook.com,7370721
CID-A3F6E711,J.P.G.,Gijs,,Kruyt,M,,31866069589,kaileb.sanford@comcast.net,7370837
CID-6372531E,M.T.E.,Henk,,Maassen,M,,31851824148,db7pzlraxqilbb5khx@outlook.com,7371454
CID-D3F438B0,R.,Frank,,Woortman,M,,31843012349,fruin.frye@rediffmail.com,7372739
CID-8F36FB92,B.,Bart,van,Wijhe,M,,31888217726,nlw2d51vfj0@gmail.com,7372887
CID-44E9E0E8,C.,Liam,van,Velden,M,,31656172426,basile.bush@aol.com,7374086
CID-30B03061,K.H.,Joost,de,Gier,M,,31643242799,brandyn.russo@aol.com,6863341
CID-8A27101A,M.,Anouk,,Kolster,V,,31969026888,evwn415pcj661@gmail.com,6863394
CID-9A39F684,M.W.A.,Arjan,,Nelck,M,,31880299684,yousif.ford@outlook.com,7341717
CID-523EDF9E,J.G.,Hans,,Hendriks,M,,31847850610,4h3fl0l993x6s@msn.com,7342196
CID-721EB291,C.J.J.,Ronald,van,Mechelen,M,,31659409459,natan.moses@aol.com,7342280
CID-62BEEC5B,R.,Remco,de,Keijzer,M,,31613481283,r9u2gdr8rusa4mhyp@outlook.com,7343949
CID-F8551078,P.J.,Ewout,,Hartman,M,,31989708002,g36v8q3yp5l@googlemail.com,6003989
CID-E1CAB69A,D.,Stijn,,Lugmayr,M,,31659273850,raphael.bass@ymail.com,6513280
CID-ED96379B,P.,Rick,,Kleverlaan,M,,31830281837,talorcan.alvarado@comcast.net,6862975
CID-7C66DD00,I.V.,Femke,,Kaufman,V,,31917863539,vybcd469zot6oj@hotmail.com,6863020
CID-D843FBEB,A.W.,Maud,,Henni,V,,31955261417,fergie.butler@aol.com,6863059
CID-3BF20EF5,V.J.,Erik,,Gerritsen,M,,31867609758,fuj4pmmke2zztep30x@rediffmail.com,6863064
CID-1973E628,W.E.T.,Mariëlle,,Agterof,V,,31792423012,rhoan.pena@hotmail.com,6863075
CID-1A02816F,E.W.,Hugo,,Ansingh,M,,31747155441,karl.kerr@googlemail.com,6863086
CID-582E6F4D,G.M.,Lisa,van,As-Slief,V,,31713305308,pw2ybk0lwn9b@yahoo.com,6863216
CID-5D6B9C39,M.M.,Niels,,Möllmann,M,,31697549374,a062l5dye6@msn.com,7349013
CID-E3D5400A,S.S.A.,Lotte,,Felida,V,,31875412843,connall.mercado@msn.com,7349646
CID-F1BBC055,A.W.G.,Piet,de,Keijzer,M,,31960004694,51a467997k7r@comcast.net,7350196
CID-279E3270,H.M.,Sander,van,Domburg,M,,31794093271,nicky.cote@rediffmail.com,7350875
CID-E944D1ED,R.D.H.,Dirk,,Ettema,M,,31810901025,zlcfeqmc3czulh1@comcast.net,7351696
CID-B3B5EF45,S.B.,Wendy,,Sadiq,V,,31980551670,stewarty.lane@yahoo.com,7352535
CID-20D1D412,M.C.,Anna,,Geurts,V,,31872260521,sru19o6dwffeu21on5b@comcast.net,7353699
CID-DD74BC8E,A.,Finn,,Tigchelaar,M,,31843004808,karol.mcpherson@gmail.com,7354176
CID-1DA16A18,C.L.P.,Hannah,,Hollanders-Thevis,V,,31945038140,pzmwqleanox8vpm2v@outlook.com,7363802
CID-3F35BEBA,J.G.W.,Jan,van,Scheppingen,M,,31721634657,b4sginr3606zqlh@googlemail.com,7365083
CID-09881847,J.D.,Michiel,,Hoogerwerf,M,,31831755810,milo.graham@yahoo.com,7365455
CID-6C16A286,S.M.,Leon,,Sissingh,M,,31664189511,3nmztjjbm9sl8gz@outlook.com,7367172
CID-DD54F3E1,F.,Luuk,,Jongerman,M,,31650966465,hadyn.neal@yahoo.com,7367448
CID-D6BD8754,K.,Tom,,Barta,M,,31673488704,0ibucjpn93z1bru@outlook.com,7367470
CID-E19D6BFA,G.,Ruben,,Jansen,M,,31603064223,73w376du6jwxe1njp4um@yahoo.com,7368935
CID-81582ECF,J.Y.,Roos,,Hoohenkerk - Stroom,V,,31906139358,liam-stephen.willis@aol.com,7370266
CID-D4AB1860,B.,Rob,,Craenmehr,M,,31844862364,lbyg9eov48pir9mq@outlook.com,7371589
CID-01424955,W.F.M.M.,Patrick,van den,Braak,M,,31937021042,sahaib.ramos@msn.com,7371973
CID-EA61BAEB,E.J.H.,Vincent,,Schaank,M,,31723763940,c0z8lrlvkj3pcy@hotmail.com,7372143
CID-DB10E3F6,R.,Mirjam,,Diaz Cabrera,V,,31737676355,che.hart@hotmail.com,7344143
CID-5B66BAC0,J.,Lars,,Peijnenburg,M,,31955478790,ricards.hobbs@hotmail.com,7350780
CID-5F61A1F8,P.J.,Pieter,,Simons,M,,31925540582,op539c14ldtt7hqvz@googlemail.com,7351400
CID-D9EFB667,M.H.,Maarten,,Prins,M,,31683195055,jez.howe@googlemail.com,7359621
CID-699093E9,P.C.,Kees,,Stout,M,,31796220682,lptcyuz6phgm@rediffmail.com,7369392
CID-75F06B9C,J.W.,Marcel,van,Ettekoven,M,,31988375541,f9urpdz2hi@msn.com,7371129
CID-BB584AE6,P.,Stefan,van,Oosten,M,,31955517735,ru9nuugflqt7xo@aol.com,7371526
CID-CCAF961C,S.,Judith,,Jansen - Verweijen,V,,31755883280,84av3nbei23w3vdg0@ymail.com,7372649
CID-83BCD79D,Y.,Daan,,Sahin,M,,31932984602,conal.villarreal@comcast.net,7372776
CID-ED7F356A,J.P.M.,Sven,van de,Kerkhof,M,,31670335865,oap8tbgkdt9tjusvxsau@rediffmail.com,7374794
CID-E40B0444,H.,Wouter,,Kupers,M,,31813651236,davie.petty@ymail.com,7375976
CID-3F7E15F2,J.L.,Gijs,,Peters,M,,31800443508,igor.oliver@msn.com,7376547
CID-FE77D795,M.T.N.,Inge,,Moerman - Van Etten,V,,31694059708,507utira91emim9jfaz3@ymail.com,7377123
CID-22806C7E,W.R.,Naomi,,Hooijsma,V,,31890123152,o7imgvlxbbb3c1s@rediffmail.com,7379094
CID-26C0B560,J.M.A.J.,Bart,,Jongen,M,,31834205434,5reyariswjumj44u5@googlemail.com,7379833
CID-9D561DEC,M.P.J.,Emma,van,Grinsven,V,,31679771099,ralfs.snider@gmail.com,7380730
CID-E1D2B2E2,M.P.M.E.,Joost,,Sommer,M,,31696855989,botk1wo5yaub6x3yojdr@yahoo.com,7381397
CID-BA42E25A,E.,Anouk,,Fiebrand,V,,31864609644,jole.nichols@aol.com,7381503
CID-5CF96AEE,J.W.,Merel,,Aussems,V,,31747254326,jvhnxk6ed3zej7@hotmail.com,7382146
CID-62839939,M.,Vera,,Benhamou,V,,31932027610,aref.jefferson@gmail.com,7382284
CID-F5FF0679,T.P.,Ronald,,Graver,M,,31631720302,aaren.arnold@aol.com,7382348
CID-8E725445,M.,Remco,,Dierks,M,,31854355666,69melrlyxh@outlook.com,7382391
CID-F09B0BEB,L.,Ewout,,Florax,M,,31881440645,khai.watson@gmail.com,7383451
CID-9BCC0F7F,J.W.G.M.,Stijn,,Timmermans,M,,31767223847,wuq8a5spwdj@ymail.com,7384279
CID-B75EC32D,J.,Rick,,Klok,M,,31781177010,kyde.church@comcast.net,7384379
CID-7CF6DB5C,W.,Jeroen,,Schouenberg,M,,31606081813,9hhek9tnxtkmeu3m5@outlook.com,7384494
CID-CD768CCE,J.,Willem,,Wolf,M,,31883791166,cormak.perez@aol.com,7386693
CID-940C20B0,W.,Erik,,Schmitz,M,,31875719498,hao.petersen@comcast.net,7388201
CID-EED31C3D,G.J.,Mariëlle,van de,Sligte - Luttenberg,V,,31989398136,eoa8i8pszle89e7tz7@outlook.com,7389845
CID-52C15C61,K.J.,Hanneke,,Meijer,V,,31661560786,lliam.clarke@googlemail.com,7390567
CID-AA1FA62D,C.M.,Bas,,Warnaar,M,,31651230098,miles.sims@aol.com,7374211
CID-8113258C,A.T.M.,Nina,van,Huntelerslag-Van Os,V,,31733735827,wles4z9oha6m@outlook.com,7374417
CID-0E2DB679,T.,Mark,,Nijeboer,M,,31624583390,hamish.porter@hotmail.com,7376506
CID-03658A11,H.M.Y.J.,Elise,,Janss,V,,31620847443,dbrw5ttholc5x@hotmail.com,7377924
CID-6E7981BB,R.,Sander,,Krommert,M,,31645298252,ala.parker@comcast.net,7378143
CID-7DBF1327,H.,Dirk,,Rogaar,M,,31788351522,2hb33bx1x6u@ymail.com,7380574
CID-6D240EDD,M.,Bram,ten,Cate,M,,31843997748,be138g5ezwp@rediffmail.com,7382979
CID-A0A057A5,J.F.J.W.,Tim,,Geerts,M,,31619177598,gmm13vbeqvzbyigy1toh@googlemail.com,7383750
CID-AE6E3A1E,E.C.M.,Lena,,Stevense,V,,31797110745,john-paul.meadows@hotmail.com,7384149
CID-D2DD8977,A.G.F.,Dennis,,Wijffelaars,M,,31673758417,yusef.norman@rediffmail.com,7384358
CID-5F1A27B2,I.,Jan,,Kool,M,,31633172103,will.hahn@outlook.com,7384456
CID-B58D144E,A.,Jolien,,Prins,V,,31833984995,8n89brhlg3c1s6b8js60@hotmail.com,7384478
CID-060450EE,G.,Leon,,Scholte,M,,31739948548,42jgpn0vs26i4gvgvl83@comcast.net,7384824
CID-CD95552E,W.,Luuk,de,Vries,M,,31731703568,yanick.bowman@msn.com,7384893
CID-C3DE24DD,R.,Fleur,van,Poppel,V,,31877243108,6mbt9q1f22y6dtbrb@gmail.com,7386353
CID-4019B076,P.,Ruben,,Luxema,M,,31610681627,fearghus.branch@comcast.net,7376122
CID-9FDE7B0E,J.,Roos,,Doeland,V,,31623890476,samuela.vang@msn.com,7377372
CID-CFF11EB6,M.E.L.H.M.,Rob,,Grootswagers,M,,31640376523,eadie.cannon@rediffmail.com,7378359
CID-2574A502,M.C.,Patrick,van,Sabben,M,,31953618089,odin.blake@googlemail.com,7378872
CID-1CD1C5DD,W.A.M.,Vincent,,Janssen-Vd Pasch,M,,31975114005,pasquale.owen@yahoo.com,7382530
CID-52E40303,R.,Joran,,Buil,M,,31791901924,benedict.wyatt@hotmail.com,7382540
CID-0416731F,W.P.M.J.,Lars,,Nelissen,M,,31965680069,deano.reynolds@rediffmail.com,7382827
CID-2A1EB6C2,E.J.,Noor,,Addink,V,,31701942768,582qi4ehjk9ez@gmail.com,7385331
CID-AF6D5D6E,N.,Maarten,,Feeney,M,,31872337226,dfgkvhg7cn8udj8@comcast.net,7385412
CID-0A857F63,G.,Kees,,Oosterwijk,M,,31708338482,angel.ray@comcast.net,7386815
CID-D93ED924,H.,Marcel,de,Roo,M,,31845515069,emlvsyz3qv@googlemail.com,7394456
CID-997214BF,W.W.,Stefan,,Verschoor,M,,31961444395,cadyn.lloyd@googlemail.com,7398712
CID-B9F75C8C,P.J.,Rik,de,Swart,M,,31924101611,lz7qiwtjaqh8nqy3cpo9@googlemail.com,7399287
CID-541DFE04,P.A.H.,Daan,,Bevers,M,,31931653941,anay.gonzales@rediffmail.com,7399565
CID-C52BA8BB,J.C.,Eva,van der,Ven-Smercnik,V,,31729164381,gh6hi1ry1ritbpi@ymail.com,7400688
CID-12BC3748,R.T.,Wouter,,Strzalkowski,M,,31620152853,saul.watkins@googlemail.com,7403145
CID-EB4F7EA4,T.L.J.,Bo,,Crutzen,V,,31856060634,ljn4c40dxa7qs1b14190@googlemail.com,7409515
CID-EDB06E94,M.M.,Henk,,Hanitsch,M,,31942653084,oilibhear.tyler@hotmail.com,7424621
CID-DB0F3B09,W.,Frank,van,Zon,M,,31851808289,nihal.barnett@hotmail.com,7424808
CID-D6170091,A.,Bart,van den,Eijnden,M,,31718828183,66rxfxskff5b9vg1r8fe@hotmail.com,7434013
CID-ED92915E,L.A.,Liam,,Butt,M,,31932503716,dillan.harrell@msn.com,7442388
CID-C72DB930,E.J.H.,Joost,,Gilissen,M,,31706981639,conal.dotson@msn.com,7448623
CID-5E22E9F2,L.,Anouk,,Stals,V,,31678229427,zqkspob2g9feyvayyej1@msn.com,7453908
CID-D0DFDF42,L.T.M.,Merel,,Gunnewegh,V,,31891489592,derren.wagner@rediffmail.com,7454696
CID-535F19A8,M.G.P.,Vera,,Bruining,V,,31799415650,manson.mosley@outlook.com,7457175
CID-C8631FB5,R.E.A.,Chantal,,Stiekema,V,,31840182041,vpoe0jmwkbw@gmail.com,7457808
CID-CBE3D0D3,R.M.,Remco,,Mans,M,,31684383187,colby.chavez@outlook.com,7458599
CID-65F8949D,I.,Ewout,,Pekic,M,,31708182492,it7qyaen7hehooi0nbg8@comcast.net,7460417
CID-FC6FF4DB,T.,Laura,,Baron - Sikkema,V,,31777248033,ayomide.leblanc@aol.com,7462571
CID-7CFB5066,J.J.W.,Rick,van,Steijn,M,,31957075056,xi1qom7jbmldibiln2@comcast.net,7462943
CID-F675B46C,P.J.,Jeroen,,Duhen,M,,31705412327,tobie.riddle@msn.com,7463504
CID-4716B84A,H.J.,Willem,,Bloem,M,,31647426913,10vc1lz4sh@msn.com,7465415
CID-82ADA1FD,J.A.,Erik,,Vermeulen,M,,31682324387,0vimeefbf76w@yahoo.com,7389063
CID-69FEC666,J.,Erwin,,Mans - Beckers,M,,31701925084,mac.cooke@outlook.com,7390844
CID-049A95D5,D.,Hugo,van,Roy,M,,31880856992,3kumtu70shbdn5df0j62@googlemail.com,7393405
CID-43723D54,E.H.,Lisa,,Tuit,V,,31739385078,pc5sz47x1idopj10m70e@comcast.net,7395891
CID-3BE2FEBB,P.G.J.,Niels,,Brok,M,,31798448672,ttukacuejdb3gjq5ius@gmail.com,7401392
CID-0C60C037,N.R.,Mark,,Garfe Carreno,M,,31940059890,loukas.pugh@aol.com,7401827
CID-65CD736D,H.J.,Piet,,Gravemaker,M,,31855344294,mltw27z6rf1i65bds6p@yahoo.com,7402701
CID-5A53AB71,W.C.,Sander,,Wilcotech Koppe,M,,31748679547,lukas.valenzuela@rediffmail.com,7409473
CID-6D7CF776,H.J.,Dirk,,Geurts,M,,31798322411,kt29mvgnyy@hotmail.com,7413109
CID-D43EB1E7,G.,Wendy,,Pinto-Vroegop,V,,31867202613,8ke2tg1mhrs8@gmail.com,7456903
CID-D561B96B,A.M.G.,Anna,,Eduarda,V,,31637781624,ilyas.graham@googlemail.com,7458556
CID-034C012B,H.,Finn,van,Zielst,M,,31659047319,ecmlbc0oy1ye@outlook.com,7460138
CID-91B334B7,M.A.G.,Hannah,van der,Palen,V,,31995435596,ker.keller@ymail.com,7461204
CID-68C31282,E.,Jan,,Vergna,M,,31681689311,conley.moreno@yahoo.com,7464585
CID-2096824E,M.,Jolien,,Alidadi,V,,31780299394,viz5uepcoq@ymail.com,7466495
CID-949701A9,G.A.C.,Leon,van,Ham,M,,31883773798,joxvogcgec0j3@hotmail.com,7468586
CID-D023634E,J.M.W.,Esther,,Poulus,V,,31984008117,gareth.kline@outlook.com,7468664
CID-D8FB8FF6,C.W.J.,Fleur,,Veerkamp,V,,31869683850,k542b9yte4r@gmail.com,7469247
CID-7F76F8C7,J.J.M.,Ruben,,Beeren,M,,31865125132,gianmarco.henderson@hotmail.com,7469921
CID-9B0A7D36,R.H.,Roos,,Duijzings- Van Eyck,V,,31779569961,icsf24p5aty21hrk@aol.com,7471753
CID-78BFB371,P.C.M.,Rob,,Sparidans,M,,31603660445,shaye.wright@aol.com,7469305
CID-FB5CDC3E,H.B.,Patrick,,Peters,M,,31816553014,8vnskjdjuiieqg727g@comcast.net,7470740
CID-802FEE1D,C.F.,Vincent,,Zwerver,M,,31724163249,kylar.abbott@msn.com,7470945
CID-5A70FC90,J.C.,Mirjam,,Vogler,V,,31972071865,meftah.horton@googlemail.com,7473215
CID-61C3C2EF,J.G.M.,Lars,,Jessen,M,,31674382332,2gau1ztm6rrbaiwg6bwh@comcast.net,7475101
CID-65627D2D,P.,Pieter,van,Hal,M,,31985457232,ryder.spence@hotmail.com,7478900
CID-36EB7057,M.,Maarten,,Bouwmeester,M,,31621064321,qvtxez163yiup@msn.com,7478945
CID-D06621D0,E.C.,Manon,,Bierwolf,V,,31823126622,vincent.poole@comcast.net,7480234
CID-D2DAAA20,N.M.E.,Marieke,,Lammers,V,,31901099167,emerson.pate@msn.com,7482104
CID-F7B91DEB,M.R.,Stefan,van,Hessem,M,,31814879305,wdli9em1nt@outlook.com,7482841
CID-FCDC92D4,A.C.,Judith,,Blokland,V,,31722785235,geoffrey.gilmore@rediffmail.com,7483602
CID-C7B0D3EA,C.,Daan,,Zwijnenburg,M,,31759392239,ieejlhajfmds@googlemail.com,7484371
CID-0EDD77C4,R.,Eva,,Wigman - Ruiter,V,,31860193427,aedyn.clarke@ymail.com,7484426
CID-790972D6,A.,Charlotte,van,Leeuwen - Oldenburger,V,,31768312293,fdsejyvns7hphot@outlook.com,7484681
CID-5CE88926,W.M.J.,Gijs,,Velders,M,,31767039116,grzegorz.kelly@hotmail.com,7485090
CID-F6B41A0D,M.,Henk,,Bennaissa,M,,31726086455,jo184z213v36vnk@rediffmail.com,7486909
CID-B43F4A7E,G.,Naomi,,Jansen,V,,31783349235,thorben.holman@googlemail.com,7487096
CID-068B27EE,C.,Petra,,Hart,V,,31845762317,1yylgg8fsdgyyun0@gmail.com,7488139
CID-C411A0FF,J.W.J.A.,Liam,,Kessen,M,,31665476691,ciann.coffey@msn.com,7489836
CID-38F06393,J.,Joost,,Mulder,M,,31953579545,eq7628xz2eqn8@ymail.com,7491302
CID-A359DB03,J.E.A.,Anouk,,Mulders,V,,31789731658,santiago.shannon@yahoo.com,7491526
CID-7BE272B6,C.J.,Arjan,,Nierstrasz,M,,31647422081,5jro1zwz93nu2x3@outlook.com,7492555
CID-0FDD4C64,H.,Hans,,Assiane,M,,31822111468,hao.hewitt@ymail.com,7492850
CID-73AF141C,E.J.H.,Ronald,,Schuurman,M,,31744045743,agbopwnl531mk1f7eoo@googlemail.com,7494497
CID-198F1BD6,K.,Corinne,,Doorn,V,,31645402357,hcen.valentine@ymail.com,7495986
CID-404960AF,J.H.,Ewout,,Vink,M,,31680685285,t5b74ltejyzjqu0@msn.com,7496510
CID-6F9CEE50,O.,Stijn,,Hoekstra,M,,31660333499,aled.fisher@googlemail.com,7497219
CID-DC30D373,R.A.J.,Mila,,Royen - Geelen,V,,31727608924,abdur-rehmaan.chavez@comcast.net,7497274
CID-89781E07,R.P.,Jeroen,,Konig,M,,31635882643,91gupvqt4jv4@yahoo.com,7498077
CID-4306BC36,J.J.L.,Willem,,Pellicaan,M,,31946324615,alistar.kramer@aol.com,7498451
CID-9D558FA8,L.,Erik,van der,Velde,M,,31647259306,ag9kdfcspwwb1i2j@rediffmail.com,7498761
CID-BF10D2FB,L.,Mariëlle,,Tukker,V,,31895176281,bkcj40pb4ep3f@gmail.com,7499365
CID-496762A2,N.,Hanneke,,Bloem,V,,31741150832,caiden-paul.sheppard@aol.com,7500878
CID-7C41A8B4,L.,Lisa,van,Schaaf - Scolten,V,,31688702368,ry9zoyzp6ki877ungdyq@outlook.com,7501092
CID-D3376F6F,F.T.,Niels,,Vlieg,M,,31902439966,mitch.simon@outlook.com,7502990
CID-F0A74BD3,W.,Mark,,Daamen - Nowacki,M,,31717314803,vmtk84yu625y9ky@yahoo.com,7504773
CID-7B20479F,F.O.,Piet,,Lenzmann,M,,31863361633,xnjbc66o64g@aol.com,7506227
CID-809440EF,J.,Sander,,Schippers,M,,31882904419,pylpo24sf6txtg37h74@hotmail.com,7506801
CID-5E412DC8,R.,Dirk,,Voormolen,M,,31884484034,dale.woodward@hotmail.com,7507385
CID-60D54AD3,E.A.E.,Bram,,Rosing,M,,31637413489,hiib6hfiowk4m23tvlcw@googlemail.com,7507995
CID-4CD52329,L.M.,Anna,,Kerkdijk,V,,31665627537,addisson.kirkland@gmail.com,7509434
CID-5AD47CE8,M.A.,Lena,de,Jong - Jonkman,V,,31797284917,0ako7zttny7vm4@msn.com,7509783
CID-1221AB2B,W.B.,Dennis,,Sjouw,M,,31791533592,eniola.barrera@rediffmail.com,7510739
CID-CB9655B6,W.J.H.,Jan,in den,Nieuwenkamp,M,,31780395632,saim.dillon@comcast.net,7387759
CID-A9E37EC7,H.M.,Michiel,van de,Sleebe,M,,31667879382,hately.koch@rediffmail.com,7394397
CID-FFE4A249,C.,Leon,,Jogt,M,,31866163579,oran.bishop@yahoo.com,7402789
CID-712CF10E,J.,Esther,,Zuijderhoudt-Leijgraaff,V,,31638788669,yang.sherman@ymail.com,7403196
CID-D85523B4,C.,Tom,,Eggens,M,,31715087709,emerson.humphrey@gmail.com,7454919
CID-FE0262A2,G.P.A.M.,Iris,van,Dooren-Janssen,V,,31637395863,4uk3v0gik1@comcast.net,7457810
CID-D8F35713,O.,Kevin,,Demir,M,,31854151749,khaleel.griffin@ymail.com,7462448
CID-58E18F21,A.M.,Silke,van,Halm,V,,31674548414,cobain.wagner@msn.com,7463790
CID-404486EF,C.J.J.,Karen,,Hildebrand,V,,31876210498,radkbx8sbepl1ki0xjju@aol.com,7512690
CID-298814B6,W.H.,Vincent,,Slingerland,M,,31871128752,kaine.mcdowell@outlook.com,7512737
CID-9EC31A36,M.,Mirjam,,Salman - Boer,V,,31639760707,vbff6clrjlnxdd@outlook.com,7513206
CID-9AF97E28,W.A.M.,Julia,,Tetteroo,V,,31836525240,saad.short@outlook.com,7513906
CID-3A8D2BB3,H.,Pieter,,Bhagwanie,M,,31642960093,9uwhwc31rsg0pn9@comcast.net,7523532
CID-F8C36ED5,J.J.,Maarten,,Tonnaar,M,,31635600580,ferre.herrera@comcast.net,7525875
CID-FB496C02,S.M.,Manon,,Rosalia,V,,31948405178,rykyucdje63h@googlemail.com,7526125
CID-9E11A516,A.H.,Marcel,,Verschoor,M,,31737452246,kaleb.velazquez@hotmail.com,7528837
CID-A08AC4FC,N.M.,Bianca,de,Vries,V,,31647614843,uaqxe5yzcum@rediffmail.com,7533920
CID-7EC273D1,E.H.,Judith,van,Loon,V,,31617025301,4pfcav7kya5@yahoo.com,7542163
CID-D36C9539,W.J.H.,Daan,,Mathijssen,M,,31842749685,victor.harris@comcast.net,7543867
CID-3D68296D,A.A.,Sven,,Walgemoet,M,,31685748490,lbvl4nem3htcq6d13@gmail.com,7544214
CID-82DB9C1F,E.J.M.,Charlotte,,Sander,V,,31773705283,5dww7tltgaesn@hotmail.com,7544427
CID-10907EDF,M.,Gijs,van,Leeuwen,M,,31647680924,kayleb.humphrey@gmail.com,7545465
CID-18043037,Y.M.,Inge,,Ruitenburg,V,,31889635302,bua8ir884734bdpv4rp@googlemail.com,7552832
CID-63E25D7B,L.,Frank,,Vijverberg,M,,31704537543,calen.juarez@outlook.com,7553250
CID-3F419FB2,J.E.M.,Bart,,Brandwagt,M,,31963879151,alieu.horne@rediffmail.com,7553534
CID-61C1C1A6,G.,Emma,,Bosma,V,,31949067168,oyngtekfsivz0bdxt0zm@msn.com,7554154
CID-72431FC1,W.,Sara,,Paauw,V,,31906840589,3xit09qa7adlcuul1@outlook.com,7555149
CID-B7AADCAD,A.,Anouk,,Rijsdijk,V,,31867671565,ryhs.dunn@yahoo.com,7555278
CID-D51A3D8C,M.,Merel,de,Jong,V,,31941059495,ui3xlfmqu83vc@hotmail.com,7555287
CID-C919C2D4,S.J.T.,Hans,,Paapst,M,,31828887230,ai6ivq00yqhzjteky@ymail.com,7472084
CID-9D63B98B,A.J.,Ronald,,Daselaar,M,,31738514610,kobi.doyle@comcast.net,7472745
CID-58136439,E.,Remco,den,Boer,M,,31984694898,tristain.gates@rediffmail.com,7474903
CID-C05D6E71,A.,Annelies,van de,Giessen,V,,31698445547,lepeng.cervantes@hotmail.com,7475373
CID-ABCA641B,W.A.,Stijn,van,Kamp,M,,31683781794,me5h8uftco75rsooqa@ymail.com,7476205
CID-037A212B,Y.,Mila,,Poot,V,,31939326660,nico.wade@msn.com,7476238
CID-315E5B3E,C.L.,Jeroen,,Poortvliet,M,,31856544836,lockey.carson@hotmail.com,7476530
CID-294782A6,F.A.G.,Maud,,Tijmensen,V,,31617347151,lel041406ihajz7tt4q@ymail.com,7477695
CID-89A243E8,P.H.W.,Erik,van,Winsen,M,,31658334013,creag.woodard@rediffmail.com,7480115
CID-BA417082,J.,Erwin,,Boender,M,,31680226501,y2oha1v324@ymail.com,7482694
CID-25E6C124,A.,Hugo,,Letterman,M,,31963070749,blazej.brooks@aol.com,7483420
CID-EA797101,F.F.,Bas,,Seuwen,M,,31794165441,blaire.landry@msn.com,7487810
CID-38C5F9B6,H.,Nina,,Vroegh,V,,31698536593,4rnnrd5rl4mx1nvos@gmail.com,7488178
CID-5E83A8D6,F.,Lotte,,Bremer,V,,31949749721,zion.rodriguez@aol.com,7489150
CID-9A9F1B41,W.F.M.,Piet,van,Asten,M,,31819711663,sahbian.page@googlemail.com,7489385
CID-361EE4FB,M.,Sander,,Paats,M,,31931750945,5drelykojvojy6@msn.com,7490403
CID-87A0DA52,E.,Dirk,,Luth,M,,31611324342,butchi.brooks@yahoo.com,7493037
CID-53C465C9,K.G.C.,Bram,,Walbeek,M,,31926876806,lp8bydrlh6sztwnagi@googlemail.com,7493778
CID-145DB49F,A.H.C.,Tim,,Scheeren,M,,31676635842,zbslved1892fmbkb@rediffmail.com,7464120
CID-8D76759D,P.,Finn,,Padmos,M,,31841070782,3lmqw1qkpxpl3ge@msn.com,7464419
CID-BAE94F39,M.,Hannah,de,Wit,V,,31937136956,6is7eefx6lnma@ymail.com,7467069
CID-25C2658F,J.,Jan,de,Haan,M,,31812742376,louie.townsend@yahoo.com,7471552
CID-13DFF668,C.B.,Jolien,,Timmerman - Docter,V,,31906952351,allister.powers@outlook.com,7473044
CID-8D97A405,M.K.,Els,,Otte,V,,31766848352,yanick.nieves@yahoo.com,7476795
CID-5FE84967,C.P.,Esther,,Dijkstra,V,,31662483754,3yxq0j6a58@msn.com,7477340
CID-5FCE5D7A,F.A.,Tom,,Huigen,M,,31765975653,butali.boyer@gmail.com,7478090
CID-797FC591,N.J.,Ruben,,Bon,M,,31815332953,hs5y4g2swksk@hotmail.com,7480215
CID-ED0DF131,L.,Kevin,,Verkerk,M,,31904446468,gm42wcn3bvvo1wo0es8o@aol.com,7555532
CID-485E48AE,H.C.,Rob,,Blom,M,,31910550731,ahtasham.tyson@msn.com,7555687
CID-3805E44E,C.A.M.,Patrick,van,Boxem,M,,31881549182,porter.mason@ymail.com,7555822
CID-D2168133,R.P.,Vincent,,Elsnerus,M,,31890799584,f2a8bi3i3kzq@googlemail.com,7555932
CID-3A3B26CE,M.A.,Mirjam,,Brokke,V,,31736187539,zack.underwood@googlemail.com,7555960
CID-07E1FA75,T.,Julia,,Bos,V,,31684335273,k6qefw86fjcgg65teo7@ymail.com,7556311
CID-D4F40F2F,G.L.,Pieter,,Hackbarth,M,,31892194159,zakaria.wong@aol.com,7556854
CID-41D46125,G.,Maarten,,Booten,M,,31977886191,vuyolwethu.burton@msn.com,7557043
CID-DC7C6990,G.,Kees,,Diemer,M,,31997429214,947d6258yoqi5qq6@ymail.com,7557054
CID-6D7BC335,C.E.,Marcel,de,Haan,M,,31999553734,aarez.gibson@yahoo.com,7557406
CID-587164B1,L.H.M.,Stefan,,Huizer,M,,31787457766,lex.owens@ymail.com,7557531
CID-4F9A4EC8,R.H.,Rik,van,Velzen,M,,31607619762,amdvz6y43ns3m@googlemail.com,7557969
CID-2187C517,M.R.W.,Daan,van den,Berg,M,,31630743745,chintu.moon@aol.com,7558386
CID-706ACC55,Y.C.,Eva,,Geldman,V,,31658331173,rpoowvv3zx20q@aol.com,7558693
CID-B10241B0,M.,Charlotte,,Kamphuis,V,,31809876405,micheal.klein@hotmail.com,7559620
CID-3B1C3508,J.,Bo,van den,Berg-de Heer,V,,31765504552,hd126kgpmf7ml8uwk2qq@hotmail.com,7559630
CID-93E5FC69,N.,Henk,,Wijfje,M,,31835876268,wallace.lara@msn.com,7559679
CID-2233ED13,P.A.C.,Frank,de,Mooij,M,,31904339015,kajally.henderson@rediffmail.com,7559740
CID-F67D2905,R.,Bart,,Herben,M,,31853750101,fa3daj6rq1dixylppi@yahoo.com,7559847
CID-E4351839,W.,Liam,,Kooijmans,M,,31882323026,seamas.kelly@rediffmail.com,7560186
CID-620DABAC,W.,Sara,,Barreveld,V,,31924670414,83iim9kfou8ep4ce@aol.com,7560303
CID-8BB04E53,W.,Thijs,de,Boer Junior,M,,31951426310,kiern.mcneil@msn.com,7495047
CID-7741D3AC,J.,Merel,,Slegtenhorst,V,,31661288247,q3rvtlrv4q1cr@hotmail.com,7495591
CID-74C5C733,M.A.,Hans,de,Kort,M,,31609975956,hnqdz2i9pgi6n7x@aol.com,7496738
CID-D9EAC560,B.J.,Ronald,,Verspaget,M,,31738925650,fsy5kw43fzxyy2nh@gmail.com,7497288
CID-19D6CC62,J.J.W.E.M.,Corinne,,Schut,V,,31644297467,yusef.gould@aol.com,7497915
CID-545F7825,A.D.,Annelies,,Gall,V,,31676040641,m4y8cxn4waueq83q0a@ymail.com,7498058
CID-DD8CC6CC,M.A.W.,Stijn,de,Vries,M,,31639216456,alessio.lester@googlemail.com,7499103
CID-AECFAC8A,M.A.,Rick,,Merkx,M,,31653333204,deu7kj6e5c9r7vy@rediffmail.com,7500280
CID-0F25CFCF,M.A.,Jeroen,,Vastrick,M,,31612745868,sergei.witt@rediffmail.com,7501912
CID-C8E10CC2,P.,Willem,van,Kranenburg,M,,31711646857,karamvir.bryant@yahoo.com,7504756
CID-DC4D5883,M.A.,Denise,,Meijer-Nieuwenhuis,V,,31703227319,qaouwq2l0m@rediffmail.com,7506338
CID-8DAD7627,L.R.,Erwin,,Coppejans,M,,31939423995,efan.ryan@msn.com,7508308
CID-44A48DCB,E.,Hanneke,,Pieterse - van der Leer,V,,31896210494,b3ml51mqwayqj@comcast.net,7508392
CID-2FB7D893,M.,Bas,,Dahri,M,,31841455628,girijan.mosley@aol.com,7509810
CID-E2E4AB04,R.,Niels,,Disberg,M,,31716416567,qris1l6kdqd@msn.com,7510053
CID-94A8DC5F,A.C.V.,Lotte,,Peletier,V,,31887126248,lael.christian@msn.com,7512308
CID-E8BE08CC,Y.,Piet,,Kilic,M,,31983669102,nv8c3k4ywomn@hotmail.com,7512581
CID-9E1F1092,J.C.,Sander,,Hendriks,M,,31997202762,coupar.espinoza@outlook.com,7512669
CID-5E034285,T.W.M.,Rianne,,Albers,V,,31989722223,jayden-thomas.wiggins@gmail.com,7483926
CID-542A15DE,N.P.H.,Bram,van,Zon,M,,31803878998,rkhnh3ymezi@ymail.com,7483974
CID-D0626FD2,F.M.,Tim,van der,Ark,M,,31741351964,o4nag9r10vg@msn.com,7488486
CID-DE9F0FCD,T.,Lena,,Koenegracht,V,,31819808698,teodor.higgins@ymail.com,7492353
CID-561DD6DF,S.,Hannah,,Witteveen,V,,31940023132,0w3d1o5gxmqqp1r818f@hotmail.com,7494897
CID-45DEEF78,J.J.M.,Jan,,Roebroeks,M,,31707038826,finnean.barrett@hotmail.com,7495826
CID-A97FB70A,H.,Michiel,,Moeradian,M,,31990084113,anengx273hv@hotmail.com,7497166
CID-DCC298CB,G.P.M.,Leon,van,Gameren,M,,31704048075,douglas.warren@comcast.net,7498899
CID-C46D6558,M.C.,Esther,,Arp,V,,31769666495,d8kodd1gavvfi7iqip@gmail.com,7499990
CID-2E4BDFDE,A.J.,Tom,,Postmus,M,,31800823668,lleyton.mcintosh@googlemail.com,7501437
CID-D384B7EF,G.J.,Ruben,,Buter,M,,31845328202,hqr2vfeeznms@gmail.com,7504675
CID-805B38C1,J.,Roos,,Holtrust,V,,31614929704,vxag5gsbhj9x@comcast.net,7505404
CID-A2C5B596,E.M.,Silke,,Brouwer,V,,31887856282,8uwen87cei@googlemail.com,7506658
CID-E86F57DB,M.,Patrick,,Hageman,M,,31722799874,subhaan.castillo@aol.com,7507739
CID-070E751A,R.R.F.,Vincent,,Schreurs,M,,31699876118,aliekber.ferguson@comcast.net,7508018
CID-38899E6D,M.J.,Mirjam,,Sluijter,V,,31693567283,pedro.blackburn@googlemail.com,7508102
CID-B2DCCDB0,A.T.H.,Lars,,Magielsen,M,,31681446164,nt366kfs6wf2w@googlemail.com,7510019
CID-AEBB3BA5,G.,Noor,,Verhoef,V,,31645353645,ktrri16dyic7qbbq3@outlook.com,7510933
CID-206900A8,E.M.,Amber,,Mulder - Thijssen,V,,31703004240,colm.puckett@hotmail.com,7511405
CID-19A2BDBA,M.,Kees,,Ubas,M,,31706973617,maisum.conley@comcast.net,7512103
CID-7B9C65DC,J.A.M.,Marcel,,Papenborg,M,,31803084585,b4h42mipgp7th7c6mut@comcast.net,7512910
CID-AEE1F216,G.A.R.,Stefan,,Warris,M,,31845275863,regan.sanchez@yahoo.com,7560586
CID-D8A2ACD6,T.L.W.,Rik,,Bakker,M,,31741150090,bailey.nolan@gmail.com,7560630
CID-20F165F8,R.H.,Daan,,Giezen,M,,31827197526,t4dpdiczz8u@yahoo.com,7560645
CID-405CB246,P.F.,Sven,,Maartense,M,,31781899490,khaleel.rivers@outlook.com,7560976
CID-B39C774D,N.,Charlotte,,Lazaar,V,,31606026815,juvtk62b9izuleqwlm@outlook.com,7561166
CID-37A6C6E9,R.,Gijs,,Visser,M,,31631226520,ranolph.carson@gmail.com,7561314
CID-453AC8B1,P.,Henk,,Marrevee,M,,31814041230,9j7il8r9tr5alfbsezre@hotmail.com,7562629
CID-78569C5D,H.,Frank,,Mangal,M,,31742772468,kasim.mathis@gmail.com,7513163
CID-0905B934,V.A.M.,Bart,,Hopmans,M,,31613969160,lzbgvg8ds4y11w1@yahoo.com,7513913
CID-4A3FF486,R.,Liam,,Stavorinus,M,,31839341970,noel.gilliam@comcast.net,7523264
CID-A4967B16,R.,Joost,,Reij,M,,31707046083,kristofer.hodges@msn.com,7523865
CID-4BC941EE,S.,Thijs,,Fijlstra,M,,31747876916,5fhj9q34g047d@outlook.com,7532072
CID-8B3DD778,B.J.J.M.,Arjan,,Pols,M,,31898250339,zaine.stark@yahoo.com,7533024
CID-65928A20,S.E.J.,Hans,,Postema,M,,31740536313,oohv7e0bpnln2wpls@ymail.com,7537009
CID-AD385F2F,F.P.A.,Chantal,,Moesbergen,V,,31661678563,jordon.schneider@hotmail.com,7553440
CID-D9CBD094,T.H.N.C.,Remco,van de,Wouw,M,,31708600352,ebozzpnjnwcklg7@yahoo.com,7553550
CID-941B23A4,R.,Ewout,,Klove,M,,31940847164,arfin.ochoa@googlemail.com,7553702
CID-EBF0E662,E.A.,Laura,,Veenman,V,,31942973401,7f8hkzbqwqg8r2sn8@msn.com,7553877
CID-9F2260EA,F.,Mila,,Smit,V,,31842752059,1ync74iakgqchth0s@hotmail.com,7555067
CID-E5BC9CF2,S.,Jeroen,,Ibrahim,M,,31827951196,ismail.delaney@ymail.com,7555324
CID-FF94E7FE,M.A.,Willem,,Hupsel,M,,31646808489,16j0plwl3fab2zend57@ymail.com,7555524
CID-FE80A861,A.,Erik,,Eletto,M,,31699740862,wyatt.mercer@outlook.com,7556103
CID-FA3790E8,J.C.,Mariëlle,,Hartmeijer,V,,31848950278,rhudi.rodriguez@hotmail.com,7556962
CID-793C57D5,R.,Hugo,,Lamberts,M,,31660099429,qimkepc3ucw@aol.com,7557197
CID-00D9D6EC,B.E.,Lisa,,Boei,V,,31841816836,anselm.dunlap@outlook.com,7558049
CID-412C2C95,H.A.,Niels,van,Blokland,M,,31902166235,y24kooys6fzgafdl14n@msn.com,7558080
CID-0FD97A9C,M.,Lotte,,Pos,V,,31660653405,theo.noble@yahoo.com,7558103
CID-D9744910,M.H.M.,Elise,van,Doesburg,V,,31783942558,bf4p5m9du4my1@comcast.net,7558318
CID-F6F104FB,J.,Sander,,Rinkema,M,,31830571478,tisloh.michael@gmail.com,7558373
CID-A0520129,F.J.,Dirk,,Lieben,M,,31722309582,samuel.cox@rediffmail.com,7558823
CID-E84A5616,G.,Bram,,Laseur,M,,31628143753,leonard.brady@ymail.com,7558893
CID-6AC3A3F9,I.,Anna,van,Vliet,V,,31956238986,vsuzledvqtios0ipp@msn.com,7558976
CID-A89F1DA9,N.,Lena,,Kamio,V,,31607253911,qtntutldgweytqxblvdd@aol.com,7558986
CID-A5AED290,R.G.,Dennis,,Valpoort,M,,31774030868,amrit.morris@aol.com,7558997
CID-F1714A7C,P.,Jan,van,Beek,M,,31828174403,ts8wqvrxa25@msn.com,7559174
CID-07ED75E2,A.G.W.,Jolien,van,Harten,V,,31745318096,cavan.watts@rediffmail.com,7559282
CID-C3D5D916,J.G.,Leon,,Roohe,M,,31887426872,flint.duncan@hotmail.com,7560333
CID-DD69AF55,R.,Esther,,Ramasray,V,,31948503761,0fys3elb5ic5vz@msn.com,7560334
CID-45B1F98B,P.F.,Tom,,Buis,M,,31757718355,florin.daniel@ymail.com,7560445
CID-571A4942,M.F.,Ruben,,Westerdijk,M,,31626962065,farren.dudley@yahoo.com,7518018
CID-3672DBD0,C.M.J.,Roos,,Slingerland,V,,31744514626,ble1hg6904kn42oj@outlook.com,7527459
CID-155C54F9,A.M.,Rob,,Peeters,M,,31882101646,c4284ess6xi@googlemail.com,7536716
CID-20B836ED,M.J.,Karen,,Muller,V,,31971809237,coray.fletcher@gmail.com,7554276
CID-7B3F2117,A.,Vincent,de,Vreugd,M,,31970410570,1rio1p6za45e@outlook.com,7554688
CID-1C9BE9D9,B.H.W.,Mirjam,,Polman,V,,31970417466,zi.shepard@ymail.com,7555338
CID-621437D0,J.,Lars,,Mandersloot,M,,31930843388,nylimbi6odk2cohaatqp@aol.com,7557160
CID-4CAC20A8,M.T.,Noor,,Hofman,V,,31728184285,vfqtnm33pgcry@hotmail.com,7557333
CID-2AC7DFBE,G.J.M.,Amber,,Heerbaart - Van Genderen,V,,31935383690,tisloh.madden@comcast.net,7557339
CID-08DBB9FC,J.D.,Kees,,Rutgers,M,,31860827580,sqa23ktu4ehv@hotmail.com,7558229
CID-6063FDF2,E.F.,Marcel,,Kraaij,M,,31681418297,phani.mckenzie@yahoo.com,7558257
CID-48C97D83,A.,Bianca,,Eijkelenboom,V,,31938266807,rgr44z26d2q1w8gx3@hotmail.com,7560454
CID-F92B0734,H.F.H.,Judith,de,Bats,V,,31836399746,kaleem.key@ymail.com,7560841
CID-CAEFF57F,E.,Daan,,Mom,M,,31666838613,txdre5nwczqvm@googlemail.com,7560878
CID-E2864AAE,F.,Sven,,Mieck Van Gerresheim Und,M,,31992685718,bpmnhf996axfn@outlook.com,7560971
CID-D53770EF,C.J.M.,Charlotte,,Karsten,V,,31878412992,davie.stafford@comcast.net,7567249
CID-E288A565,L.,Gijs,van den,Burg,M,,31602207565,24vvmtaha1gfhwzb0@comcast.net,7558715
CID-429C8606,R.A.G.,Henk,,Verschueren,M,,31917963041,blue.cruz@outlook.com,7558930
CID-6813AA15,T.,Frank,van,Ewijk,M,,31715037745,nidhish.kline@aol.com,7559453
CID-FE7D5505,R.,Bart,,Muskita,M,,31825878808,harjeevan.greer@ymail.com,7559480
CID-CC0CE1ED,S.,Liam,,Ayobey,M,,31761949823,narvic.ingram@yahoo.com,7559507
CID-EC4AFCF3,A.P.,Sara,,Staring,V,,31967560125,s5jrjotixbn@gmail.com,7559574
CID-A94F01C1,F.J.,Thijs,,Misset,M,,31686079488,ardeshir.oneill@outlook.com,7560424
CID-06A0D43D,J.F.M.,Arjan,,Velthuis,M,,31768767209,vqgxejrgff8atq@gmail.com,7560608
CID-ACDCD07F,R.G.,Hans,,Scholten,M,,31819008154,cx9w3l5w45uryn@outlook.com,7560637
CID-A685D52C,K.,Ronald,,Kouskous,M,,31731695624,rayan.zimmerman@msn.com,7564516
CID-1B679F3A,H.J.,Corinne,de,Vogel,V,,31840554553,d2kajirtcqsr@rediffmail.com,7565800
CID-3FA8E1C7,R.E.,Annelies,,Parker,V,,31816255812,y70p9xvswsj@outlook.com,6863293
CID-6575C38A,G.,Stijn,,Aalderink,M,,31968501769,harley.mcmillan@comcast.net,6863306
CID-997229FB,D.,Rick,,Ermia,M,,31784861366,xz17lnhw5bgvr9o5xby7@aol.com,6863368
CID-73465C7E,H.J.,Jeroen,van,Altena,M,,31932378829,qxxywx3kdp@rediffmail.com,6863493
CID-1B53CB43,W.J.J.,Willem,van der,Zalm,M,,31603335962,1qrtzl4i9gvh@outlook.com,7345045
CID-0254C322,M.,Erik,,Meerkerk,M,,31796518870,ainsley.abbott@gmail.com,7365323
CID-CE19642D,C.W.M.,Mariëlle,,Mathijsen - Cox,V,,31891587196,arjuna.mitchell@ymail.com,7371287
CID-1A89C8D0,E.,Hanneke,,Hoogendoorn,V,,31745093626,mvwel0loiwjpr2@comcast.net,7377312
CID-C4FAFC8B,J.R.J.,Bas,,Hannink,M,,31741548589,herbert.fitzpatrick@googlemail.com,7378178
CID-218AB7FA,M.F.P.A.,Nina,,Jans,V,,31863274789,mfqy4xa145y4uxp9@outlook.com,7379578
CID-6F03EC50,E.M.,Mark,van,Elden,M,,31807925977,thrinei.stewart@googlemail.com,7380856
CID-77072ECB,M.A.,Elise,,Pruyssen,V,,31660152817,czau43yfrmhu8c7y@gmail.com,7380858
CID-FE8712C5,E.J.M.,Sandra,,Lumeij,V,,31788792685,mykie.landry@aol.com,7388701
CID-B8F20730,A.W.,Dirk,van,Eldik,M,,31878984633,ramanas.davidson@googlemail.com,7400288
CID-192E78D5,R.,Bram,,Dijkers,M,,31857817568,tyllor.jordan@outlook.com,7402235
CID-D1CF0961,M.C.,Anna,,Bours,V,,31873794710,nuada.miles@aol.com,7408150
CID-FA45D449,V.,Finn,de,Bruyn,M,,31675665063,olivier.mcfarland@ymail.com,7411555
CID-4B4EE473,A.M.M.,Hannah,,Nijs - Den Boer,V,,31733515673,ross.bullock@outlook.com,7428235
CID-C4F0A144,I.W.,Fenna,,Rolaff,V,,31873440365,n0fsihsq30ea9safy@msn.com,7466292
CID-0260E76E,M.H.,Jolien,,Batenburg Bron,V,,31817187142,v4em1y9bokkv4n79bsz@googlemail.com,7467724
CID-E8BAC2E2,H.F.A.,Leon,van,Gasse,M,,31895994657,zxe1zmlwx2@yahoo.com,7475016
CID-9C198757,H.T.J.M.,Luuk,,Kolsteren,M,,31647563594,zein.gilliam@googlemail.com,7476139
CID-A54D0886,L.,Fleur,,Hamming- Engelkens,V,,31918983159,szymon.lancaster@gmail.com,7486625
CID-DD637E11,F.,Iris,,Sahsah,V,,31994736318,zgskrk4kgpsp4raudjr@outlook.com,7487956
CID-E350C3ED,D.,Roos,van,Leeuwen,V,,31642608609,tariq-jay.atkinson@rediffmail.com,7496556
CID-D1C4F8B2,A.,Silke,,Ribbens - Verkuijl,V,,31717415555,m5c3apnmrsr@yahoo.com,7503195
CID-5A32C929,A.J.,Patrick,,Mulderij,M,,31757407399,036chqjbeb@ymail.com,7503561
CID-766A607C,R.J.,Vincent,,Dolstra,M,,31979894464,jerome.chan@comcast.net,7508605
CID-09F7BFFD,M.C.,Mirjam,van,Tol,V,,31806785200,i0g0renae0yz@rediffmail.com,7511581
CID-C8310008,R.,Lars,,Hey,M,,31776479048,wo6k0bf6pu19r2tovkji@aol.com,7535159
CID-C75FE4C4,E.J.,Pieter,van de,Wal,M,,31852345308,motkn79dpa@googlemail.com,7549335
CID-B652C721,H.G.R.,Maarten,van der,Poel,M,,31600007969,ikd9en8um3v9k@gmail.com,7553421
CID-B419A63B,S.,Kees,,Maroufi,M,,31741743722,7qkllq2k1j2@rediffmail.com,7554405
CID-DE2D2FB5,S.,Marieke,,Hendriks,V,,31707253900,cvthvju2eptn9ivvn@hotmail.com,7554682
CID-4E90CC15,D.,Stefan,,Hardjo,M,,31740226497,d08e6b9pybbwtui@gmail.com,7555587
CID-04EB781D,C.,Rik,van den,Hengel,M,,31811275062,xijwf5gurky2990yyq@rediffmail.com,7556177
CID-B066B4A8,A.,Sophie,van den,Oever,V,,31935570837,dion.britt@aol.com,7556634
CID-08706C66,W.H.C.,Eva,,Sahetapy,V,,31819889421,shaun-paul.rush@googlemail.com,7558229
CID-846379BA,F.S.,Wouter,van der,Ploeg,M,,31719719379,cohan.sargent@aol.com,7560677
CID-E05406A2,J.A.,Gijs,,Zijlstra,M,,31993090453,demetrius.morse@msn.com,7560837
CID-05FEB4C1,M.G.M.,Inge,,Tienhooven,V,,31749062943,manus.ware@rediffmail.com,7563184
CID-30B5CB31,W.C.A.G.,Frank,,Vondenhoff,M,,31993219794,5ebiiowqb2unxxc26ouo@msn.com,7569415
CID-JAIRO001,J.,Jairo,,Inderbeeck,M,,31610487300,jairo.inderbeeck@budgetthuis.nl,9999001
