customer_id,has_energy,has_mobile,has_internet,earliest_supply_from,any_contract_ending_90d,tariff_type,num_products,is_multi_utility,products_str,tenure_months,propensity_score,churn_risk_score,propensity_segment,churn_segment
CID-052F5119,WAAR,ONWAAR,ONWAAR,,ONWAAR,VariableByMonth,1,ONWAAR,energy,0,20,0,low,low
CID-8BC54E2F,WAAR,ONWAAR,ONWAAR,,ONWAAR,Fixed,1,ONWAAR,energy,0,20,0,low,low
CID-7DD8491E,WAAR,WAAR,ONWAAR,,ONWAAR,VariableByMonth,2,WAAR,"energy,mobile",0,0,20,low,low
CID-5AFE8068,WAAR,ONWAAR,ONWAAR,,ONWAAR,VariableByMonth,1,ONWAAR,energy,0,20,0,low,low
CID-5E6A159A,WAAR,ONWAAR,ONWAAR,,ONWAAR,VariableByMonth,1,ONWAAR,energy,0,20,0,low,low
CID-E1E9102D,WAAR,ONWAAR,ONWAAR,,ONWAAR,Fixed,1,ONWAAR,energy,0,20,0,low,low
CID-A0014F93,WAAR,ONWAAR,ONWAAR,,ONWAAR,Fixed,1,ONWAAR,energy,0,20,0,low,low
CID-311CC255,WAAR,ONWAAR,ONWAAR,,ONWAAR,Fixed,1,ONWAAR,energy,0,20,0,low,low
CID-75C9223D,WAAR,WAAR,ONWAAR,,ONWAAR,Fixed,2,WAAR,"energy,mobile",0,0,20,low,low
CID-B802E63F,WAAR,ONWAAR,ONWAAR,,ONWAAR,VariableByMonth,1,ONWAAR,energy,0,20,0,low,low
CID-5CF476B6,WAAR,ONWAAR,ONWAAR,,ONWAAR,Fixed,1,ONWAAR,energy,0,20,0,low,low
CID-0F2CDE2C,WAAR,WAAR,ONWAAR,,ONWAAR,Fixed,2,WAAR,"energy,mobile",0,0,20,low,low
CID-3E181422,WAAR,ONWAAR,ONWAAR,,ONWAAR,Fixed,1,ONWAAR,energy,0,20,0,low,low
CID-DB92DFD6,WAAR,ONWAAR,ONWAAR,,ONWAAR,VariableByMonth,1,ONWAAR,energy,0,20,0,low,low
CID-6AA3149B,WAAR,ONWAAR,WAAR,,ONWAAR,VariableByMonth,2,WAAR,"energy,internet",0,0,20,low,low
CID-46C0C0A3,WAAR,ONWAAR,ONWAAR,,ONWAAR,VariableByMonth,1,ONWAAR,energy,0,20,0,low,low
CID-DFE8DD72,WAAR,ONWAAR,ONWAAR,,ONWAAR,VariableByMonth,1,ONWAAR,energy,0,20,0,low,low
CID-15419357,WAAR,WAAR,ONWAAR,,ONWAAR,Fixed,2,WAAR,"energy,mobile",0,0,20,low,low
CID-77FCA5FA,WAAR,ONWAAR,ONWAAR,,ONWAAR,VariableByMonth,1,ONWAAR,energy,0,20,0,low,low
CID-E7B1947D,WAAR,ONWAAR,ONWAAR,,ONWAAR,Fixed,1,ONWAAR,energy,0,20,0,low,low
CID-DAA23BA2,WAAR,WAAR,ONWAAR,,ONWAAR,VariableByMonth,2,WAAR,"energy,mobile",0,0,20,low,low
CID-3AC7EEF1,WAAR,WAAR,ONWAAR,,ONWAAR,Dynamic,2,WAAR,"energy,mobile",0,0,20,low,low
CID-F8FF2128,WAAR,ONWAAR,ONWAAR,,ONWAAR,VariableByMonth,1,ONWAAR,energy,0,20,0,low,low
CID-DF70EBF1,WAAR,ONWAAR,ONWAAR,,ONWAAR,VariableByMonth,1,ONWAAR,energy,0,20,0,low,low
CID-12F73E18,WAAR,ONWAAR,ONWAAR,,ONWAAR,Fixed,1,ONWAAR,energy,0,20,0,low,low
CID-02296F92,WAAR,ONWAAR,ONWAAR,,ONWAAR,Fixed,1,ONWAAR,energy,0,20,0,low,low
CID-D1AAFAC0,WAAR,ONWAAR,ONWAAR,,ONWAAR,VariableByMonth,1,ONWAAR,energy,0,20,0,low,low
CID-C789989F,WAAR,ONWAAR,ONWAAR,,ONWAAR,Fixed,1,ONWAAR,energy,0,20,0,low,low
CID-70568448,WAAR,ONWAAR,ONWAAR,,ONWAAR,Fixed,1,ONWAAR,energy,0,20,0,low,low
CID-0B479F81,WAAR,ONWAAR,ONWAAR,,ONWAAR,Fixed,1,ONWAAR,energy,0,20,0,low,low
CID-F4090205,WAAR,ONWAAR,ONWAAR,,ONWAAR,Fixed,1,ONWAAR,energy,0,20,0,low,low
CID-764E33A4,WAAR,ONWAAR,ONWAAR,,ONWAAR,Dynamic,1,ONWAAR,energy,0,20,0,low,low
CID-7CC68F52,WAAR,WAAR,ONWAAR,,ONWAAR,Fixed,2,WAAR,"energy,mobile",0,0,20,low,low
CID-A3F654AB,WAAR,ONWAAR,ONWAAR,,ONWAAR,Fixed,1,ONWAAR,energy,0,20,0,low,low
CID-D1B6B48E,WAAR,ONWAAR,ONWAAR,,ONWAAR,VariableByMonth,1,ONWAAR,energy,0,20,0,low,low
CID-3EED7EA8,WAAR,ONWAAR,ONWAAR,,ONWAAR,Fixed,1,ONWAAR,energy,0,20,0,low,low
CID-3DD086B9,WAAR,WAAR,ONWAAR,,ONWAAR,VariableByMonth,2,WAAR,"energy,mobile",0,0,20,low,low
CID-235DB152,WAAR,ONWAAR,ONWAAR,,ONWAAR,VariableByMonth,1,ONWAAR,energy,0,20,0,low,low
CID-DD83B17C,WAAR,ONWAAR,ONWAAR,,ONWAAR,Fixed,1,ONWAAR,energy,0,20,0,low,low
CID-436CF132,WAAR,WAAR,ONWAAR,,ONWAAR,VariableByMonth,2,WAAR,"energy,mobile",0,0,20,low,low
CID-C1C0A627,WAAR,ONWAAR,ONWAAR,,ONWAAR,VariableByMonth,1,ONWAAR,energy,0,20,0,low,low
CID-BDAAAC6D,WAAR,ONWAAR,ONWAAR,,ONWAAR,VariableByMonth,1,ONWAAR,energy,0,20,0,low,low
CID-C39245F8,WAAR,WAAR,ONWAAR,,ONWAAR,Fixed,2,WAAR,"energy,mobile",0,0,20,low,low
CID-94CD6E4E,WAAR,ONWAAR,ONWAAR,,ONWAAR,VariableByMonth,1,ONWAAR,energy,0,20,0,low,low
CID-4C60D349,WAAR,ONWAAR,ONWAAR,,ONWAAR,VariableByMonth,1,ONWAAR,energy,0,20,0,low,low
CID-2676F41F,WAAR,ONWAAR,ONWAAR,,ONWAAR,Fixed,1,ONWAAR,energy,0,20,0,low,low
CID-E36CF8B5,WAAR,ONWAAR,ONWAAR,,ONWAAR,Fixed,1,ONWAAR,energy,0,20,0,low,low
CID-F87F79BD,WAAR,ONWAAR,ONWAAR,,ONWAAR,VariableByMonth,1,ONWAAR,energy,0,20,0,low,low
CID-C0BCFAF5,WAAR,ONWAAR,ONWAAR,,ONWAAR,VariableByMonth,1,ONWAAR,energy,0,20,0,low,low
CID-D4B11BD0,WAAR,ONWAAR,WAAR,,ONWAAR,Fixed,2,WAAR,"energy,internet",0,0,20,low,low
CID-11BC42D7,WAAR,ONWAAR,ONWAAR,,ONWAAR,Fixed,1,ONWAAR,energy,0,20,0,low,low
CID-743B4ADE,WAAR,ONWAAR,WAAR,,ONWAAR,Fixed,2,WAAR,"energy,internet",0,0,20,low,low
CID-7BED3261,WAAR,ONWAAR,ONWAAR,,ONWAAR,Fixed,1,ONWAAR,energy,0,20,0,low,low
CID-18ACBDC6,WAAR,ONWAAR,WAAR,,ONWAAR,Fixed,2,WAAR,"energy,internet",0,0,20,low,low
CID-3642A925,WAAR,ONWAAR,ONWAAR,,ONWAAR,Fixed,1,ONWAAR,energy,0,20,0,low,low
CID-32103F0F,WAAR,ONWAAR,ONWAAR,,ONWAAR,Fixed,1,ONWAAR,energy,0,20,0,low,low
CID-51967007,WAAR,ONWAAR,ONWAAR,,ONWAAR,Fixed,1,ONWAAR,energy,0,20,0,low,low
CID-B664A54E,WAAR,ONWAAR,ONWAAR,,ONWAAR,Dynamic,1,ONWAAR,energy,0,20,0,low,low
CID-DBB99648,WAAR,ONWAAR,ONWAAR,,ONWAAR,Fixed,1,ONWAAR,energy,0,20,0,low,low
CID-35F65753,WAAR,WAAR,ONWAAR,,ONWAAR,Fixed,2,WAAR,"energy,mobile",0,0,20,low,low
CID-4BAB6678,WAAR,ONWAAR,ONWAAR,,ONWAAR,VariableByMonth,1,ONWAAR,energy,0,20,0,low,low
CID-EBF491C6,WAAR,ONWAAR,ONWAAR,,ONWAAR,VariableByMonth,1,ONWAAR,energy,0,20,0,low,low
CID-53D38501,WAAR,ONWAAR,ONWAAR,,ONWAAR,Fixed,1,ONWAAR,energy,0,20,0,low,low
CID-7A6F47A8,WAAR,WAAR,ONWAAR,,ONWAAR,Fixed,2,WAAR,"energy,mobile",0,0,20,low,low
CID-7489C3C2,WAAR,WAAR,ONWAAR,,ONWAAR,Dynamic,2,WAAR,"energy,mobile",0,0,20,low,low
CID-A7FCD94B,WAAR,ONWAAR,ONWAAR,,ONWAAR,VariableByMonth,1,ONWAAR,energy,0,20,0,low,low
CID-C9F5A199,WAAR,WAAR,ONWAAR,,ONWAAR,VariableByMonth,2,WAAR,"energy,mobile",0,0,20,low,low
CID-24226FD8,WAAR,ONWAAR,ONWAAR,,ONWAAR,VariableByMonth,1,ONWAAR,energy,0,20,0,low,low
CID-AD03562A,WAAR,ONWAAR,WAAR,,ONWAAR,Fixed,2,WAAR,"energy,internet",0,0,20,low,low
CID-64D0D07B,WAAR,WAAR,ONWAAR,,ONWAAR,Fixed,2,WAAR,"energy,mobile",0,0,20,low,low
CID-4C698908,WAAR,WAAR,ONWAAR,,ONWAAR,Fixed,2,WAAR,"energy,mobile",0,0,20,low,low
CID-E57CA6F0,WAAR,ONWAAR,WAAR,,ONWAAR,Fixed,2,WAAR,"energy,internet",0,0,20,low,low
CID-072C80BA,WAAR,WAAR,ONWAAR,,ONWAAR,Fixed,2,WAAR,"energy,mobile",0,0,20,low,low
CID-29D1EB2F,WAAR,ONWAAR,ONWAAR,,ONWAAR,VariableByMonth,1,ONWAAR,energy,0,20,0,low,low
CID-D4F36603,WAAR,WAAR,ONWAAR,,ONWAAR,VariableByMonth,2,WAAR,"energy,mobile",0,0,20,low,low
CID-426981CE,WAAR,ONWAAR,ONWAAR,,ONWAAR,VariableByMonth,1,ONWAAR,energy,0,20,0,low,low
CID-EE09C729,WAAR,WAAR,ONWAAR,,ONWAAR,Fixed,2,WAAR,"energy,mobile",0,0,20,low,low
CID-DA886EAD,WAAR,WAAR,ONWAAR,,ONWAAR,Fixed,2,WAAR,"energy,mobile",0,0,20,low,low
CID-77DBE15F,WAAR,WAAR,ONWAAR,,ONWAAR,VariableByMonth,2,WAAR,"energy,mobile",0,0,20,low,low
CID-3073C816,WAAR,ONWAAR,WAAR,,ONWAAR,Fixed,2,WAAR,"energy,internet",0,0,20,low,low
CID-2E68F98D,WAAR,ONWAAR,ONWAAR,,ONWAAR,Fixed,1,ONWAAR,energy,0,20,0,low,low
CID-E0A4E15C,WAAR,ONWAAR,WAAR,,ONWAAR,VariableByMonth,2,WAAR,"energy,internet",0,0,20,low,low
CID-729B6A4F,WAAR,WAAR,ONWAAR,,ONWAAR,Fixed,2,WAAR,"energy,mobile",0,0,20,low,low
CID-29760BAE,WAAR,ONWAAR,WAAR,,ONWAAR,Fixed,2,WAAR,"energy,internet",0,0,20,low,low
CID-4F93E370,WAAR,ONWAAR,ONWAAR,,ONWAAR,Fixed,1,ONWAAR,energy,0,20,0,low,low
CID-6E640D0B,WAAR,WAAR,ONWAAR,,ONWAAR,Fixed,2,WAAR,"energy,mobile",0,0,20,low,low
CID-33095E3C,WAAR,WAAR,ONWAAR,,ONWAAR,Fixed,2,WAAR,"energy,mobile",0,0,20,low,low
CID-38F6D8ED,WAAR,ONWAAR,WAAR,,ONWAAR,VariableByMonth,2,WAAR,"energy,internet",0,0,20,low,low
CID-5BA065F9,WAAR,ONWAAR,WAAR,,ONWAAR,Fixed,2,WAAR,"energy,internet",0,0,20,low,low
CID-2F02875F,WAAR,WAAR,ONWAAR,,ONWAAR,VariableByMonth,2,WAAR,"energy,mobile",0,0,20,low,low
CID-71F46D5E,WAAR,ONWAAR,ONWAAR,,ONWAAR,Fixed,1,ONWAAR,energy,0,20,0,low,low
CID-B1E65D61,WAAR,ONWAAR,WAAR,,ONWAAR,Fixed,2,WAAR,"energy,internet",0,0,20,low,low
CID-E60ACFB9,WAAR,WAAR,ONWAAR,,ONWAAR,VariableByMonth,2,WAAR,"energy,mobile",0,0,20,low,low
CID-718ACDD8,WAAR,ONWAAR,ONWAAR,,ONWAAR,Dynamic,1,ONWAAR,energy,0,20,0,low,low
CID-EDA28734,WAAR,ONWAAR,WAAR,,ONWAAR,VariableByMonth,2,WAAR,"energy,internet",0,0,20,low,low
CID-DF6EBD4A,WAAR,ONWAAR,ONWAAR,,ONWAAR,Fixed,1,ONWAAR,energy,0,20,0,low,low
CID-4525859E,WAAR,ONWAAR,WAAR,,ONWAAR,VariableByMonth,2,WAAR,"energy,internet",0,0,20,low,low
CID-1787482D,WAAR,ONWAAR,ONWAAR,,ONWAAR,Fixed,1,ONWAAR,energy,0,20,0,low,low
CID-51ABDE0C,WAAR,ONWAAR,WAAR,,ONWAAR,Fixed,2,WAAR,"energy,internet",0,0,20,low,low
CID-4EC383B0,WAAR,ONWAAR,ONWAAR,,ONWAAR,Fixed,1,ONWAAR,energy,0,20,0,low,low
CID-FD817AB2,WAAR,ONWAAR,ONWAAR,,ONWAAR,Fixed,1,ONWAAR,energy,0,20,0,low,low
CID-BFCB0E4C,WAAR,ONWAAR,ONWAAR,,ONWAAR,Fixed,1,ONWAAR,energy,0,20,0,low,low
CID-EF0BC2F8,WAAR,ONWAAR,WAAR,,ONWAAR,Fixed,2,WAAR,"energy,internet",0,0,20,low,low
CID-D7E56082,WAAR,ONWAAR,ONWAAR,,ONWAAR,VariableByMonth,1,ONWAAR,energy,0,20,0,low,low
CID-5096B274,WAAR,ONWAAR,ONWAAR,,ONWAAR,Fixed,1,ONWAAR,energy,0,20,0,low,low
CID-6A96D36D,WAAR,ONWAAR,ONWAAR,,ONWAAR,VariableByMonth,1,ONWAAR,energy,0,20,0,low,low
CID-D1DA0D7D,WAAR,ONWAAR,ONWAAR,,ONWAAR,Fixed,1,ONWAAR,energy,0,20,0,low,low
CID-E2293F1F,WAAR,ONWAAR,ONWAAR,,ONWAAR,Fixed,1,ONWAAR,energy,0,20,0,low,low
CID-7A0DFF93,WAAR,WAAR,ONWAAR,,ONWAAR,Fixed,2,WAAR,"energy,mobile",0,0,20,low,low
CID-C6D0609C,WAAR,WAAR,ONWAAR,,ONWAAR,Fixed,2,WAAR,"energy,mobile",0,0,20,low,low
CID-D54EF9AB,WAAR,WAAR,WAAR,,ONWAAR,Fixed,3,WAAR,"energy,mobile,internet",0,0,20,low,low
CID-5A9E7201,WAAR,WAAR,ONWAAR,,ONWAAR,Fixed,2,WAAR,"energy,mobile",0,0,20,low,low
CID-CCC3F908,WAAR,WAAR,ONWAAR,,ONWAAR,Fixed,2,WAAR,"energy,mobile",0,0,20,low,low
CID-96792770,WAAR,WAAR,ONWAAR,,ONWAAR,VariableByMonth,2,WAAR,"energy,mobile",0,0,20,low,low
CID-B0012941,WAAR,WAAR,ONWAAR,,ONWAAR,Fixed,2,WAAR,"energy,mobile",0,0,20,low,low
CID-8F3056D6,WAAR,WAAR,WAAR,,ONWAAR,Fixed,3,WAAR,"energy,mobile,internet",0,0,20,low,low
CID-A3F6E711,WAAR,WAAR,WAAR,,ONWAAR,Fixed,3,WAAR,"energy,mobile,internet",0,0,20,low,low
CID-6372531E,WAAR,WAAR,ONWAAR,,ONWAAR,VariableByMonth,2,WAAR,"energy,mobile",0,0,20,low,low
CID-D3F438B0,WAAR,WAAR,WAAR,,ONWAAR,VariableByMonth,3,WAAR,"energy,mobile,internet",0,0,20,low,low
CID-8F36FB92,WAAR,WAAR,ONWAAR,,ONWAAR,Fixed,2,WAAR,"energy,mobile",0,0,20,low,low
CID-44E9E0E8,WAAR,WAAR,ONWAAR,,ONWAAR,Fixed,2,WAAR,"energy,mobile",0,0,20,low,low
CID-30B03061,WAAR,WAAR,WAAR,,ONWAAR,Fixed,3,WAAR,"energy,mobile,internet",0,0,20,low,low
CID-8A27101A,WAAR,WAAR,ONWAAR,,ONWAAR,Fixed,2,WAAR,"energy,mobile",0,0,20,low,low
CID-9A39F684,WAAR,WAAR,WAAR,,ONWAAR,Fixed,3,WAAR,"energy,mobile,internet",0,0,20,low,low
CID-523EDF9E,WAAR,WAAR,WAAR,,ONWAAR,VariableByMonth,3,WAAR,"energy,mobile,internet",0,0,20,low,low
CID-721EB291,WAAR,WAAR,ONWAAR,,ONWAAR,Fixed,2,WAAR,"energy,mobile",0,0,20,low,low
CID-62BEEC5B,WAAR,WAAR,WAAR,,ONWAAR,Fixed,3,WAAR,"energy,mobile,internet",0,0,20,low,low
CID-F8551078,WAAR,WAAR,ONWAAR,,ONWAAR,Fixed,2,WAAR,"energy,mobile",0,0,20,low,low
CID-E1CAB69A,WAAR,WAAR,ONWAAR,,ONWAAR,Fixed,2,WAAR,"energy,mobile",0,0,20,low,low
CID-ED96379B,WAAR,WAAR,ONWAAR,,ONWAAR,VariableByMonth,2,WAAR,"energy,mobile",0,0,20,low,low
CID-7C66DD00,WAAR,WAAR,ONWAAR,,ONWAAR,Fixed,2,WAAR,"energy,mobile",0,0,20,low,low
CID-D843FBEB,WAAR,WAAR,ONWAAR,,ONWAAR,VariableByMonth,2,WAAR,"energy,mobile",0,0,20,low,low
CID-3BF20EF5,WAAR,WAAR,ONWAAR,,ONWAAR,Fixed,2,WAAR,"energy,mobile",0,0,20,low,low
CID-1973E628,WAAR,WAAR,ONWAAR,,ONWAAR,Fixed,2,WAAR,"energy,mobile",0,0,20,low,low
CID-1A02816F,WAAR,WAAR,ONWAAR,,ONWAAR,VariableByMonth,2,WAAR,"energy,mobile",0,0,20,low,low
CID-582E6F4D,WAAR,WAAR,ONWAAR,,ONWAAR,VariableByMonth,2,WAAR,"energy,mobile",0,0,20,low,low
CID-5D6B9C39,WAAR,WAAR,ONWAAR,,ONWAAR,Fixed,2,WAAR,"energy,mobile",0,0,20,low,low
CID-E3D5400A,WAAR,WAAR,WAAR,,ONWAAR,VariableByMonth,3,WAAR,"energy,mobile,internet",0,0,20,low,low
CID-F1BBC055,WAAR,WAAR,ONWAAR,,ONWAAR,VariableByMonth,2,WAAR,"energy,mobile",0,0,20,low,low
CID-279E3270,WAAR,WAAR,WAAR,,ONWAAR,Fixed,3,WAAR,"energy,mobile,internet",0,0,20,low,low
CID-E944D1ED,WAAR,WAAR,WAAR,,ONWAAR,VariableByMonth,3,WAAR,"energy,mobile,internet",0,0,20,low,low
CID-B3B5EF45,WAAR,WAAR,WAAR,,ONWAAR,Fixed,3,WAAR,"energy,mobile,internet",0,0,20,low,low
CID-20D1D412,WAAR,WAAR,ONWAAR,,ONWAAR,Fixed,2,WAAR,"energy,mobile",0,0,20,low,low
CID-DD74BC8E,WAAR,ONWAAR,WAAR,,ONWAAR,Fixed,2,WAAR,"energy,internet",0,0,20,low,low
CID-1DA16A18,WAAR,ONWAAR,ONWAAR,,ONWAAR,VariableByMonth,1,ONWAAR,energy,0,20,0,low,low
CID-3F35BEBA,WAAR,ONWAAR,WAAR,,ONWAAR,Fixed,2,WAAR,"energy,internet",0,0,20,low,low
CID-09881847,WAAR,ONWAAR,ONWAAR,,ONWAAR,Fixed,1,ONWAAR,energy,0,20,0,low,low
CID-6C16A286,WAAR,ONWAAR,WAAR,,ONWAAR,VariableByMonth,2,WAAR,"energy,internet",0,0,20,low,low
CID-DD54F3E1,WAAR,ONWAAR,WAAR,,ONWAAR,VariableByMonth,2,WAAR,"energy,internet",0,0,20,low,low
CID-E19D6BFA,WAAR,ONWAAR,ONWAAR,,ONWAAR,Fixed,1,ONWAAR,energy,0,20,0,low,low
CID-81582ECF,WAAR,ONWAAR,WAAR,,ONWAAR,Fixed,2,WAAR,"energy,internet",0,0,20,low,low
CID-D4AB1860,WAAR,ONWAAR,WAAR,,ONWAAR,Fixed,2,WAAR,"energy,internet",0,0,20,low,low
CID-01424955,WAAR,ONWAAR,ONWAAR,,ONWAAR,Fixed,1,ONWAAR,energy,0,20,0,low,low
CID-EA61BAEB,WAAR,ONWAAR,WAAR,,ONWAAR,VariableByMonth,2,WAAR,"energy,internet",0,0,20,low,low
CID-DB10E3F6,WAAR,ONWAAR,ONWAAR,,ONWAAR,VariableByMonth,1,ONWAAR,energy,0,20,0,low,low
CID-5B66BAC0,WAAR,ONWAAR,WAAR,,ONWAAR,Fixed,2,WAAR,"energy,internet",0,0,20,low,low
CID-5F61A1F8,WAAR,ONWAAR,WAAR,,ONWAAR,Fixed,2,WAAR,"energy,internet",0,0,20,low,low
CID-D9EFB667,WAAR,ONWAAR,ONWAAR,,ONWAAR,Fixed,1,ONWAAR,energy,0,20,0,low,low
CID-699093E9,WAAR,ONWAAR,ONWAAR,,ONWAAR,Fixed,1,ONWAAR,energy,0,20,0,low,low
CID-75F06B9C,WAAR,ONWAAR,WAAR,,ONWAAR,VariableByMonth,2,WAAR,"energy,internet",0,0,20,low,low
CID-BB584AE6,WAAR,ONWAAR,WAAR,,ONWAAR,Fixed,2,WAAR,"energy,internet",0,0,20,low,low
CID-CCAF961C,WAAR,ONWAAR,ONWAAR,,ONWAAR,VariableByMonth,1,ONWAAR,energy,0,20,0,low,low
CID-83BCD79D,WAAR,ONWAAR,ONWAAR,,ONWAAR,VariableByMonth,1,ONWAAR,energy,0,20,0,low,low
CID-ED7F356A,WAAR,ONWAAR,ONWAAR,,ONWAAR,VariableByMonth,1,ONWAAR,energy,0,20,0,low,low
CID-E40B0444,WAAR,ONWAAR,ONWAAR,,ONWAAR,Fixed,1,ONWAAR,energy,0,20,0,low,low
CID-3F7E15F2,WAAR,ONWAAR,ONWAAR,,ONWAAR,VariableByMonth,1,ONWAAR,energy,0,20,0,low,low
CID-FE77D795,WAAR,ONWAAR,ONWAAR,,ONWAAR,Fixed,1,ONWAAR,energy,0,20,0,low,low
CID-22806C7E,WAAR,ONWAAR,ONWAAR,,ONWAAR,Fixed,1,ONWAAR,energy,0,20,0,low,low
CID-26C0B560,WAAR,ONWAAR,ONWAAR,,ONWAAR,VariableByMonth,1,ONWAAR,energy,0,20,0,low,low
CID-9D561DEC,WAAR,ONWAAR,ONWAAR,,ONWAAR,VariableByMonth,1,ONWAAR,energy,0,20,0,low,low
CID-E1D2B2E2,WAAR,ONWAAR,ONWAAR,,ONWAAR,Fixed,1,ONWAAR,energy,0,20,0,low,low
CID-BA42E25A,WAAR,ONWAAR,ONWAAR,,ONWAAR,VariableByMonth,1,ONWAAR,energy,0,20,0,low,low
CID-5CF96AEE,WAAR,ONWAAR,ONWAAR,,ONWAAR,Fixed,1,ONWAAR,energy,0,20,0,low,low
CID-62839939,WAAR,ONWAAR,ONWAAR,,ONWAAR,Fixed,1,ONWAAR,energy,0,20,0,low,low
CID-F5FF0679,WAAR,ONWAAR,WAAR,,ONWAAR,Fixed,2,WAAR,"energy,internet",0,0,20,low,low
CID-8E725445,WAAR,ONWAAR,WAAR,,ONWAAR,VariableByMonth,2,WAAR,"energy,internet",0,0,20,low,low
CID-F09B0BEB,WAAR,ONWAAR,ONWAAR,,ONWAAR,Fixed,1,ONWAAR,energy,0,20,0,low,low
CID-9BCC0F7F,WAAR,ONWAAR,ONWAAR,,ONWAAR,Fixed,1,ONWAAR,energy,0,20,0,low,low
CID-B75EC32D,WAAR,ONWAAR,ONWAAR,,ONWAAR,Fixed,1,ONWAAR,energy,0,20,0,low,low
CID-7CF6DB5C,WAAR,ONWAAR,ONWAAR,,ONWAAR,Fixed,1,ONWAAR,energy,0,20,0,low,low
CID-CD768CCE,WAAR,ONWAAR,ONWAAR,,ONWAAR,VariableByMonth,1,ONWAAR,energy,0,20,0,low,low
CID-940C20B0,WAAR,ONWAAR,ONWAAR,,ONWAAR,Fixed,1,ONWAAR,energy,0,20,0,low,low
CID-EED31C3D,WAAR,ONWAAR,WAAR,,ONWAAR,Fixed,2,WAAR,"energy,internet",0,0,20,low,low
CID-52C15C61,WAAR,ONWAAR,ONWAAR,,ONWAAR,VariableByMonth,1,ONWAAR,energy,0,20,0,low,low
CID-AA1FA62D,WAAR,ONWAAR,WAAR,,ONWAAR,VariableByMonth,2,WAAR,"energy,internet",0,0,20,low,low
CID-8113258C,WAAR,ONWAAR,ONWAAR,,ONWAAR,VariableByMonth,1,ONWAAR,energy,0,20,0,low,low
CID-0E2DB679,WAAR,ONWAAR,WAAR,,ONWAAR,VariableByMonth,2,WAAR,"energy,internet",0,0,20,low,low
CID-03658A11,WAAR,ONWAAR,ONWAAR,,ONWAAR,VariableByMonth,1,ONWAAR,energy,0,20,0,low,low
CID-6E7981BB,WAAR,ONWAAR,ONWAAR,,ONWAAR,Fixed,1,ONWAAR,energy,0,20,0,low,low
CID-7DBF1327,WAAR,ONWAAR,ONWAAR,,ONWAAR,Fixed,1,ONWAAR,energy,0,20,0,low,low
CID-6D240EDD,WAAR,ONWAAR,ONWAAR,,ONWAAR,VariableByMonth,1,ONWAAR,energy,0,20,0,low,low
CID-A0A057A5,WAAR,ONWAAR,ONWAAR,,ONWAAR,Fixed,1,ONWAAR,energy,0,20,0,low,low
CID-AE6E3A1E,WAAR,ONWAAR,ONWAAR,,ONWAAR,Fixed,1,ONWAAR,energy,0,20,0,low,low
CID-D2DD8977,WAAR,ONWAAR,ONWAAR,,ONWAAR,Fixed,1,ONWAAR,energy,0,20,0,low,low
CID-5F1A27B2,WAAR,ONWAAR,ONWAAR,,ONWAAR,Fixed,1,ONWAAR,energy,0,20,0,low,low
CID-B58D144E,WAAR,ONWAAR,ONWAAR,,ONWAAR,VariableByMonth,1,ONWAAR,energy,0,20,0,low,low
CID-060450EE,WAAR,ONWAAR,WAAR,,ONWAAR,Dynamic,2,WAAR,"energy,internet",0,0,20,low,low
CID-CD95552E,WAAR,ONWAAR,ONWAAR,,ONWAAR,VariableByMonth,1,ONWAAR,energy,0,20,0,low,low
CID-C3DE24DD,WAAR,ONWAAR,WAAR,,ONWAAR,Fixed,2,WAAR,"energy,internet",0,0,20,low,low
CID-4019B076,WAAR,ONWAAR,WAAR,,ONWAAR,VariableByMonth,2,WAAR,"energy,internet",0,0,20,low,low
CID-9FDE7B0E,WAAR,ONWAAR,ONWAAR,,ONWAAR,Fixed,1,ONWAAR,energy,0,20,0,low,low
CID-CFF11EB6,WAAR,ONWAAR,ONWAAR,,ONWAAR,Fixed,1,ONWAAR,energy,0,20,0,low,low
CID-2574A502,WAAR,ONWAAR,ONWAAR,,ONWAAR,Fixed,1,ONWAAR,energy,0,20,0,low,low
CID-1CD1C5DD,WAAR,ONWAAR,ONWAAR,,ONWAAR,VariableByMonth,1,ONWAAR,energy,0,20,0,low,low
CID-52E40303,WAAR,ONWAAR,ONWAAR,,ONWAAR,Fixed,1,ONWAAR,energy,0,20,0,low,low
CID-0416731F,WAAR,ONWAAR,WAAR,,ONWAAR,Fixed,2,WAAR,"energy,internet",0,0,20,low,low
CID-2A1EB6C2,WAAR,ONWAAR,ONWAAR,,ONWAAR,Fixed,1,ONWAAR,energy,0,20,0,low,low
CID-AF6D5D6E,WAAR,ONWAAR,ONWAAR,,ONWAAR,VariableByMonth,1,ONWAAR,energy,0,20,0,low,low
CID-0A857F63,WAAR,ONWAAR,ONWAAR,,ONWAAR,Fixed,1,ONWAAR,energy,0,20,0,low,low
CID-D93ED924,WAAR,ONWAAR,ONWAAR,,ONWAAR,Fixed,1,ONWAAR,energy,0,20,0,low,low
CID-997214BF,WAAR,ONWAAR,WAAR,,ONWAAR,Fixed,2,WAAR,"energy,internet",0,0,20,low,low
CID-B9F75C8C,WAAR,ONWAAR,ONWAAR,,ONWAAR,Fixed,1,ONWAAR,energy,0,20,0,low,low
CID-541DFE04,WAAR,ONWAAR,WAAR,,ONWAAR,Fixed,2,WAAR,"energy,internet",0,0,20,low,low
CID-C52BA8BB,WAAR,ONWAAR,ONWAAR,,ONWAAR,Fixed,1,ONWAAR,energy,0,20,0,low,low
CID-12BC3748,WAAR,ONWAAR,WAAR,,ONWAAR,Fixed,2,WAAR,"energy,internet",0,0,20,low,low
CID-EB4F7EA4,WAAR,ONWAAR,ONWAAR,,ONWAAR,VariableByMonth,1,ONWAAR,energy,0,20,0,low,low
CID-EDB06E94,WAAR,ONWAAR,ONWAAR,,ONWAAR,Fixed,1,ONWAAR,energy,0,20,0,low,low
CID-DB0F3B09,WAAR,ONWAAR,WAAR,,ONWAAR,Fixed,2,WAAR,"energy,internet",0,0,20,low,low
CID-D6170091,WAAR,ONWAAR,ONWAAR,,ONWAAR,Fixed,1,ONWAAR,energy,0,20,0,low,low
CID-ED92915E,WAAR,ONWAAR,ONWAAR,,ONWAAR,Fixed,1,ONWAAR,energy,0,20,0,low,low
CID-C72DB930,WAAR,ONWAAR,ONWAAR,,ONWAAR,Fixed,1,ONWAAR,energy,0,20,0,low,low
CID-5E22E9F2,WAAR,ONWAAR,ONWAAR,,ONWAAR,VariableByMonth,1,ONWAAR,energy,0,20,0,low,low
CID-D0DFDF42,WAAR,ONWAAR,ONWAAR,,ONWAAR,Fixed,1,ONWAAR,energy,0,20,0,low,low
CID-535F19A8,WAAR,ONWAAR,ONWAAR,,ONWAAR,VariableByMonth,1,ONWAAR,energy,0,20,0,low,low
CID-C8631FB5,WAAR,ONWAAR,WAAR,,ONWAAR,Fixed,2,WAAR,"energy,internet",0,0,20,low,low
CID-CBE3D0D3,WAAR,ONWAAR,ONWAAR,,ONWAAR,Fixed,1,ONWAAR,energy,0,20,0,low,low
CID-65F8949D,WAAR,ONWAAR,WAAR,,ONWAAR,Fixed,2,WAAR,"energy,internet",0,0,20,low,low
CID-FC6FF4DB,WAAR,ONWAAR,WAAR,,ONWAAR,VariableByMonth,2,WAAR,"energy,internet",0,0,20,low,low
CID-7CFB5066,WAAR,ONWAAR,WAAR,,ONWAAR,Fixed,2,WAAR,"energy,internet",0,0,20,low,low
CID-F675B46C,WAAR,ONWAAR,ONWAAR,,ONWAAR,Fixed,1,ONWAAR,energy,0,20,0,low,low
CID-4716B84A,WAAR,ONWAAR,ONWAAR,,ONWAAR,VariableByMonth,1,ONWAAR,energy,0,20,0,low,low
CID-82ADA1FD,WAAR,ONWAAR,WAAR,,ONWAAR,Fixed,2,WAAR,"energy,internet",0,0,20,low,low
CID-69FEC666,WAAR,ONWAAR,WAAR,,ONWAAR,Fixed,2,WAAR,"energy,internet",0,0,20,low,low
CID-049A95D5,WAAR,ONWAAR,ONWAAR,,ONWAAR,Fixed,1,ONWAAR,energy,0,20,0,low,low
CID-43723D54,WAAR,ONWAAR,ONWAAR,,ONWAAR,Fixed,1,ONWAAR,energy,0,20,0,low,low
CID-3BE2FEBB,WAAR,ONWAAR,ONWAAR,,ONWAAR,Fixed,1,ONWAAR,energy,0,20,0,low,low
CID-0C60C037,WAAR,ONWAAR,ONWAAR,,ONWAAR,Fixed,1,ONWAAR,energy,0,20,0,low,low
CID-65CD736D,WAAR,ONWAAR,ONWAAR,,ONWAAR,Fixed,1,ONWAAR,energy,0,20,0,low,low
CID-5A53AB71,WAAR,ONWAAR,WAAR,,ONWAAR,Fixed,2,WAAR,"energy,internet",0,0,20,low,low
CID-6D7CF776,WAAR,ONWAAR,ONWAAR,,ONWAAR,Dynamic,1,ONWAAR,energy,0,20,0,low,low
CID-D43EB1E7,WAAR,ONWAAR,ONWAAR,,ONWAAR,Fixed,1,ONWAAR,energy,0,20,0,low,low
CID-D561B96B,WAAR,ONWAAR,ONWAAR,,ONWAAR,VariableByMonth,1,ONWAAR,energy,0,20,0,low,low
CID-034C012B,WAAR,ONWAAR,WAAR,,ONWAAR,Fixed,2,WAAR,"energy,internet",0,0,20,low,low
CID-91B334B7,WAAR,ONWAAR,WAAR,,ONWAAR,VariableByMonth,2,WAAR,"energy,internet",0,0,20,low,low
CID-68C31282,WAAR,ONWAAR,ONWAAR,,ONWAAR,VariableByMonth,1,ONWAAR,energy,0,20,0,low,low
CID-2096824E,WAAR,ONWAAR,ONWAAR,,ONWAAR,Fixed,1,ONWAAR,energy,0,20,0,low,low
CID-949701A9,WAAR,ONWAAR,ONWAAR,,ONWAAR,Fixed,1,ONWAAR,energy,0,20,0,low,low
CID-D023634E,WAAR,ONWAAR,ONWAAR,,ONWAAR,VariableByMonth,1,ONWAAR,energy,0,20,0,low,low
CID-D8FB8FF6,WAAR,ONWAAR,WAAR,,ONWAAR,VariableByMonth,2,WAAR,"energy,internet",0,0,20,low,low
CID-7F76F8C7,WAAR,ONWAAR,ONWAAR,,ONWAAR,VariableByMonth,1,ONWAAR,energy,0,20,0,low,low
CID-9B0A7D36,WAAR,ONWAAR,ONWAAR,,ONWAAR,Fixed,1,ONWAAR,energy,0,20,0,low,low
CID-78BFB371,WAAR,ONWAAR,ONWAAR,,ONWAAR,VariableByMonth,1,ONWAAR,energy,0,20,0,low,low
CID-FB5CDC3E,WAAR,ONWAAR,ONWAAR,,ONWAAR,VariableByMonth,1,ONWAAR,energy,0,20,0,low,low
CID-802FEE1D,WAAR,ONWAAR,ONWAAR,,ONWAAR,Fixed,1,ONWAAR,energy,0,20,0,low,low
CID-5A70FC90,WAAR,ONWAAR,ONWAAR,,ONWAAR,Fixed,1,ONWAAR,energy,0,20,0,low,low
CID-61C3C2EF,WAAR,ONWAAR,ONWAAR,,ONWAAR,VariableByMonth,1,ONWAAR,energy,0,20,0,low,low
CID-65627D2D,WAAR,ONWAAR,ONWAAR,,ONWAAR,Fixed,1,ONWAAR,energy,0,20,0,low,low
CID-36EB7057,WAAR,ONWAAR,ONWAAR,,ONWAAR,Fixed,1,ONWAAR,energy,0,20,0,low,low
CID-D06621D0,WAAR,ONWAAR,ONWAAR,,ONWAAR,Fixed,1,ONWAAR,energy,0,20,0,low,low
CID-D2DAAA20,WAAR,ONWAAR,ONWAAR,,ONWAAR,Fixed,1,ONWAAR,energy,0,20,0,low,low
CID-F7B91DEB,WAAR,ONWAAR,ONWAAR,,ONWAAR,VariableByMonth,1,ONWAAR,energy,0,20,0,low,low
CID-FCDC92D4,WAAR,ONWAAR,ONWAAR,,ONWAAR,VariableByMonth,1,ONWAAR,energy,0,20,0,low,low
CID-C7B0D3EA,WAAR,ONWAAR,ONWAAR,,ONWAAR,Fixed,1,ONWAAR,energy,0,20,0,low,low
CID-0EDD77C4,WAAR,ONWAAR,ONWAAR,,ONWAAR,VariableByMonth,1,ONWAAR,energy,0,20,0,low,low
CID-790972D6,WAAR,ONWAAR,ONWAAR,,ONWAAR,VariableByMonth,1,ONWAAR,energy,0,20,0,low,low
CID-5CE88926,WAAR,ONWAAR,ONWAAR,,ONWAAR,Fixed,1,ONWAAR,energy,0,20,0,low,low
CID-F6B41A0D,WAAR,ONWAAR,ONWAAR,,ONWAAR,VariableByMonth,1,ONWAAR,energy,0,20,0,low,low
CID-B43F4A7E,WAAR,ONWAAR,ONWAAR,,ONWAAR,VariableByMonth,1,ONWAAR,energy,0,20,0,low,low
CID-068B27EE,WAAR,ONWAAR,ONWAAR,,ONWAAR,VariableByMonth,1,ONWAAR,energy,0,20,0,low,low
CID-C411A0FF,WAAR,ONWAAR,ONWAAR,,ONWAAR,Fixed,1,ONWAAR,energy,0,20,0,low,low
CID-38F06393,WAAR,ONWAAR,ONWAAR,,ONWAAR,Dynamic,1,ONWAAR,energy,0,20,0,low,low
CID-A359DB03,WAAR,ONWAAR,ONWAAR,,ONWAAR,Fixed,1,ONWAAR,energy,0,20,0,low,low
CID-7BE272B6,WAAR,ONWAAR,ONWAAR,,ONWAAR,Fixed,1,ONWAAR,energy,0,20,0,low,low
CID-0FDD4C64,WAAR,ONWAAR,ONWAAR,,ONWAAR,VariableByMonth,1,ONWAAR,energy,0,20,0,low,low
CID-73AF141C,WAAR,ONWAAR,ONWAAR,,ONWAAR,Dynamic,1,ONWAAR,energy,0,20,0,low,low
CID-198F1BD6,WAAR,ONWAAR,ONWAAR,,ONWAAR,Fixed,1,ONWAAR,energy,0,20,0,low,low
CID-404960AF,WAAR,ONWAAR,ONWAAR,,ONWAAR,Fixed,1,ONWAAR,energy,0,20,0,low,low
CID-6F9CEE50,WAAR,ONWAAR,ONWAAR,,ONWAAR,VariableByMonth,1,ONWAAR,energy,0,20,0,low,low
CID-DC30D373,WAAR,ONWAAR,ONWAAR,,ONWAAR,Fixed,1,ONWAAR,energy,0,20,0,low,low
CID-89781E07,WAAR,ONWAAR,ONWAAR,,ONWAAR,VariableByMonth,1,ONWAAR,energy,0,20,0,low,low
CID-4306BC36,WAAR,ONWAAR,ONWAAR,,ONWAAR,VariableByMonth,1,ONWAAR,energy,0,20,0,low,low
CID-9D558FA8,WAAR,ONWAAR,ONWAAR,,ONWAAR,Fixed,1,ONWAAR,energy,0,20,0,low,low
CID-BF10D2FB,WAAR,ONWAAR,ONWAAR,,ONWAAR,VariableByMonth,1,ONWAAR,energy,0,20,0,low,low
CID-496762A2,WAAR,ONWAAR,ONWAAR,,ONWAAR,Fixed,1,ONWAAR,energy,0,20,0,low,low
CID-7C41A8B4,WAAR,ONWAAR,ONWAAR,,ONWAAR,VariableByMonth,1,ONWAAR,energy,0,20,0,low,low
CID-D3376F6F,WAAR,ONWAAR,ONWAAR,,ONWAAR,VariableByMonth,1,ONWAAR,energy,0,20,0,low,low
CID-F0A74BD3,WAAR,ONWAAR,ONWAAR,,ONWAAR,Fixed,1,ONWAAR,energy,0,20,0,low,low
CID-7B20479F,WAAR,ONWAAR,ONWAAR,,ONWAAR,VariableByMonth,1,ONWAAR,energy,0,20,0,low,low
CID-809440EF,WAAR,ONWAAR,ONWAAR,,ONWAAR,VariableByMonth,1,ONWAAR,energy,0,20,0,low,low
CID-5E412DC8,WAAR,ONWAAR,ONWAAR,,ONWAAR,Dynamic,1,ONWAAR,energy,0,20,0,low,low
CID-60D54AD3,WAAR,ONWAAR,ONWAAR,,ONWAAR,Fixed,1,ONWAAR,energy,0,20,0,low,low
CID-4CD52329,WAAR,ONWAAR,ONWAAR,,ONWAAR,Fixed,1,ONWAAR,energy,0,20,0,low,low
CID-5AD47CE8,WAAR,ONWAAR,ONWAAR,,ONWAAR,Fixed,1,ONWAAR,energy,0,20,0,low,low
CID-1221AB2B,WAAR,ONWAAR,ONWAAR,,ONWAAR,Fixed,1,ONWAAR,energy,0,20,0,low,low
CID-CB9655B6,WAAR,ONWAAR,WAAR,,ONWAAR,VariableByMonth,2,WAAR,"energy,internet",0,0,20,low,low
CID-A9E37EC7,WAAR,ONWAAR,WAAR,,ONWAAR,Fixed,2,WAAR,"energy,internet",0,0,20,low,low
CID-FFE4A249,WAAR,ONWAAR,ONWAAR,,ONWAAR,Fixed,1,ONWAAR,energy,0,20,0,low,low
CID-712CF10E,WAAR,ONWAAR,WAAR,,ONWAAR,Fixed,2,WAAR,"energy,internet",0,0,20,low,low
CID-D85523B4,WAAR,ONWAAR,WAAR,,ONWAAR,Fixed,2,WAAR,"energy,internet",0,0,20,low,low
CID-FE0262A2,WAAR,ONWAAR,ONWAAR,,ONWAAR,VariableByMonth,1,ONWAAR,energy,0,20,0,low,low
CID-D8F35713,WAAR,ONWAAR,ONWAAR,,ONWAAR,VariableByMonth,1,ONWAAR,energy,0,20,0,low,low
CID-58E18F21,WAAR,ONWAAR,ONWAAR,,ONWAAR,VariableByMonth,1,ONWAAR,energy,0,20,0,low,low
CID-404486EF,WAAR,ONWAAR,ONWAAR,,ONWAAR,Fixed,1,ONWAAR,energy,0,20,0,low,low
CID-298814B6,WAAR,ONWAAR,ONWAAR,,ONWAAR,VariableByMonth,1,ONWAAR,energy,0,20,0,low,low
CID-9EC31A36,WAAR,ONWAAR,ONWAAR,,ONWAAR,VariableByMonth,1,ONWAAR,energy,0,20,0,low,low
CID-9AF97E28,WAAR,ONWAAR,ONWAAR,,ONWAAR,VariableByMonth,1,ONWAAR,energy,0,20,0,low,low
CID-3A8D2BB3,WAAR,ONWAAR,ONWAAR,,ONWAAR,VariableByMonth,1,ONWAAR,energy,0,20,0,low,low
CID-F8C36ED5,WAAR,ONWAAR,ONWAAR,,ONWAAR,VariableByMonth,1,ONWAAR,energy,0,20,0,low,low
CID-FB496C02,WAAR,ONWAAR,ONWAAR,,ONWAAR,VariableByMonth,1,ONWAAR,energy,0,20,0,low,low
CID-9E11A516,WAAR,ONWAAR,ONWAAR,,ONWAAR,Fixed,1,ONWAAR,energy,0,20,0,low,low
CID-A08AC4FC,WAAR,ONWAAR,ONWAAR,,ONWAAR,Fixed,1,ONWAAR,energy,0,20,0,low,low
CID-7EC273D1,WAAR,ONWAAR,ONWAAR,,ONWAAR,VariableByMonth,1,ONWAAR,energy,0,20,0,low,low
CID-D36C9539,WAAR,ONWAAR,ONWAAR,,ONWAAR,Fixed,1,ONWAAR,energy,0,20,0,low,low
CID-3D68296D,WAAR,ONWAAR,ONWAAR,,ONWAAR,VariableByMonth,1,ONWAAR,energy,0,20,0,low,low
CID-82DB9C1F,WAAR,ONWAAR,ONWAAR,,ONWAAR,VariableByMonth,1,ONWAAR,energy,0,20,0,low,low
CID-10907EDF,WAAR,ONWAAR,ONWAAR,,ONWAAR,Fixed,1,ONWAAR,energy,0,20,0,low,low
CID-18043037,WAAR,ONWAAR,ONWAAR,,ONWAAR,Fixed,1,ONWAAR,energy,0,20,0,low,low
CID-63E25D7B,WAAR,ONWAAR,ONWAAR,,ONWAAR,Fixed,1,ONWAAR,energy,0,20,0,low,low
CID-3F419FB2,WAAR,ONWAAR,ONWAAR,,ONWAAR,Fixed,1,ONWAAR,energy,0,20,0,low,low
CID-61C1C1A6,WAAR,ONWAAR,ONWAAR,,ONWAAR,VariableByMonth,1,ONWAAR,energy,0,20,0,low,low
CID-72431FC1,WAAR,ONWAAR,ONWAAR,,ONWAAR,VariableByMonth,1,ONWAAR,energy,0,20,0,low,low
CID-B7AADCAD,WAAR,ONWAAR,ONWAAR,,ONWAAR,VariableByMonth,1,ONWAAR,energy,0,20,0,low,low
CID-D51A3D8C,WAAR,ONWAAR,ONWAAR,,ONWAAR,Fixed,1,ONWAAR,energy,0,20,0,low,low
CID-C919C2D4,WAAR,ONWAAR,ONWAAR,,ONWAAR,VariableByMonth,1,ONWAAR,energy,0,20,0,low,low
CID-9D63B98B,WAAR,ONWAAR,ONWAAR,,ONWAAR,VariableByMonth,1,ONWAAR,energy,0,20,0,low,low
CID-58136439,WAAR,ONWAAR,ONWAAR,,ONWAAR,Fixed,1,ONWAAR,energy,0,20,0,low,low
CID-C05D6E71,WAAR,ONWAAR,ONWAAR,,ONWAAR,Fixed,1,ONWAAR,energy,0,20,0,low,low
CID-ABCA641B,WAAR,ONWAAR,ONWAAR,,ONWAAR,VariableByMonth,1,ONWAAR,energy,0,20,0,low,low
CID-037A212B,WAAR,ONWAAR,ONWAAR,,ONWAAR,Fixed,1,ONWAAR,energy,0,20,0,low,low
CID-315E5B3E,WAAR,ONWAAR,ONWAAR,,ONWAAR,Fixed,1,ONWAAR,energy,0,20,0,low,low
CID-294782A6,WAAR,ONWAAR,ONWAAR,,ONWAAR,Fixed,1,ONWAAR,energy,0,20,0,low,low
CID-89A243E8,WAAR,ONWAAR,ONWAAR,,ONWAAR,Fixed,1,ONWAAR,energy,0,20,0,low,low
CID-BA417082,WAAR,ONWAAR,ONWAAR,,ONWAAR,Fixed,1,ONWAAR,energy,0,20,0,low,low
CID-25E6C124,WAAR,ONWAAR,ONWAAR,,ONWAAR,Fixed,1,ONWAAR,energy,0,20,0,low,low
CID-EA797101,WAAR,ONWAAR,ONWAAR,,ONWAAR,Dynamic,1,ONWAAR,energy,0,20,0,low,low
CID-38C5F9B6,WAAR,ONWAAR,ONWAAR,,ONWAAR,Dynamic,1,ONWAAR,energy,0,20,0,low,low
CID-5E83A8D6,WAAR,ONWAAR,ONWAAR,,ONWAAR,VariableByMonth,1,ONWAAR,energy,0,20,0,low,low
CID-9A9F1B41,WAAR,ONWAAR,ONWAAR,,ONWAAR,VariableByMonth,1,ONWAAR,energy,0,20,0,low,low
CID-361EE4FB,WAAR,ONWAAR,ONWAAR,,ONWAAR,Fixed,1,ONWAAR,energy,0,20,0,low,low
CID-87A0DA52,WAAR,ONWAAR,ONWAAR,,ONWAAR,VariableByMonth,1,ONWAAR,energy,0,20,0,low,low
CID-53C465C9,WAAR,ONWAAR,ONWAAR,,ONWAAR,VariableByMonth,1,ONWAAR,energy,0,20,0,low,low
CID-145DB49F,WAAR,ONWAAR,ONWAAR,,ONWAAR,Fixed,1,ONWAAR,energy,0,20,0,low,low
CID-8D76759D,WAAR,ONWAAR,WAAR,,ONWAAR,Dynamic,2,WAAR,"energy,internet",0,0,20,low,low
CID-BAE94F39,WAAR,ONWAAR,ONWAAR,,ONWAAR,Fixed,1,ONWAAR,energy,0,20,0,low,low
CID-25C2658F,WAAR,ONWAAR,ONWAAR,,ONWAAR,VariableByMonth,1,ONWAAR,energy,0,20,0,low,low
CID-13DFF668,WAAR,ONWAAR,ONWAAR,,ONWAAR,VariableByMonth,1,ONWAAR,energy,0,20,0,low,low
CID-8D97A405,WAAR,ONWAAR,ONWAAR,,ONWAAR,Fixed,1,ONWAAR,energy,0,20,0,low,low
CID-5FE84967,WAAR,ONWAAR,ONWAAR,,ONWAAR,Fixed,1,ONWAAR,energy,0,20,0,low,low
CID-5FCE5D7A,WAAR,ONWAAR,ONWAAR,,ONWAAR,Fixed,1,ONWAAR,energy,0,20,0,low,low
CID-797FC591,WAAR,ONWAAR,ONWAAR,,ONWAAR,Fixed,1,ONWAAR,energy,0,20,0,low,low
CID-ED0DF131,WAAR,ONWAAR,ONWAAR,,ONWAAR,Fixed,1,ONWAAR,energy,0,20,0,low,low
CID-485E48AE,WAAR,ONWAAR,ONWAAR,,ONWAAR,Fixed,1,ONWAAR,energy,0,20,0,low,low
CID-3805E44E,WAAR,ONWAAR,ONWAAR,,ONWAAR,VariableByMonth,1,ONWAAR,energy,0,20,0,low,low
CID-D2168133,WAAR,ONWAAR,ONWAAR,,ONWAAR,Fixed,1,ONWAAR,energy,0,20,0,low,low
CID-3A3B26CE,WAAR,ONWAAR,ONWAAR,,ONWAAR,Fixed,1,ONWAAR,energy,0,20,0,low,low
CID-07E1FA75,WAAR,ONWAAR,ONWAAR,,ONWAAR,VariableByMonth,1,ONWAAR,energy,0,20,0,low,low
CID-D4F40F2F,WAAR,ONWAAR,ONWAAR,,ONWAAR,Fixed,1,ONWAAR,energy,0,20,0,low,low
CID-41D46125,WAAR,ONWAAR,ONWAAR,,ONWAAR,Fixed,1,ONWAAR,energy,0,20,0,low,low
CID-DC7C6990,WAAR,ONWAAR,ONWAAR,,ONWAAR,VariableByMonth,1,ONWAAR,energy,0,20,0,low,low
CID-6D7BC335,WAAR,ONWAAR,ONWAAR,,ONWAAR,Dynamic,1,ONWAAR,energy,0,20,0,low,low
CID-587164B1,WAAR,ONWAAR,ONWAAR,,ONWAAR,Dynamic,1,ONWAAR,energy,0,20,0,low,low
CID-4F9A4EC8,WAAR,ONWAAR,ONWAAR,,ONWAAR,Dynamic,1,ONWAAR,energy,0,20,0,low,low
CID-2187C517,WAAR,ONWAAR,ONWAAR,,ONWAAR,Dynamic,1,ONWAAR,energy,0,20,0,low,low
CID-706ACC55,WAAR,ONWAAR,ONWAAR,,ONWAAR,VariableByMonth,1,ONWAAR,energy,0,20,0,low,low
CID-B10241B0,WAAR,ONWAAR,ONWAAR,,ONWAAR,VariableByMonth,1,ONWAAR,energy,0,20,0,low,low
CID-3B1C3508,WAAR,ONWAAR,ONWAAR,,ONWAAR,Fixed,1,ONWAAR,energy,0,20,0,low,low
CID-93E5FC69,WAAR,ONWAAR,ONWAAR,,ONWAAR,VariableByMonth,1,ONWAAR,energy,0,20,0,low,low
CID-2233ED13,WAAR,ONWAAR,ONWAAR,,ONWAAR,VariableByMonth,1,ONWAAR,energy,0,20,0,low,low
CID-F67D2905,WAAR,ONWAAR,ONWAAR,,ONWAAR,VariableByMonth,1,ONWAAR,energy,0,20,0,low,low
CID-E4351839,WAAR,ONWAAR,ONWAAR,,ONWAAR,Dynamic,1,ONWAAR,energy,0,20,0,low,low
CID-620DABAC,WAAR,ONWAAR,ONWAAR,,ONWAAR,Dynamic,1,ONWAAR,energy,0,20,0,low,low
CID-8BB04E53,WAAR,ONWAAR,ONWAAR,,ONWAAR,Fixed,1,ONWAAR,energy,0,20,0,low,low
CID-7741D3AC,WAAR,ONWAAR,ONWAAR,,ONWAAR,Fixed,1,ONWAAR,energy,0,20,0,low,low
CID-74C5C733,WAAR,ONWAAR,ONWAAR,,ONWAAR,VariableByMonth,1,ONWAAR,energy,0,20,0,low,low
CID-D9EAC560,WAAR,ONWAAR,ONWAAR,,ONWAAR,VariableByMonth,1,ONWAAR,energy,0,20,0,low,low
CID-19D6CC62,WAAR,ONWAAR,ONWAAR,,ONWAAR,VariableByMonth,1,ONWAAR,energy,0,20,0,low,low
CID-545F7825,WAAR,ONWAAR,ONWAAR,,ONWAAR,Fixed,1,ONWAAR,energy,0,20,0,low,low
CID-DD8CC6CC,WAAR,ONWAAR,ONWAAR,,ONWAAR,Fixed,1,ONWAAR,energy,0,20,0,low,low
CID-AECFAC8A,WAAR,ONWAAR,ONWAAR,,ONWAAR,Dynamic,1,ONWAAR,energy,0,20,0,low,low
CID-0F25CFCF,WAAR,ONWAAR,ONWAAR,,ONWAAR,Fixed,1,ONWAAR,energy,0,20,0,low,low
CID-C8E10CC2,WAAR,ONWAAR,ONWAAR,,ONWAAR,VariableByMonth,1,ONWAAR,energy,0,20,0,low,low
CID-DC4D5883,WAAR,ONWAAR,ONWAAR,,ONWAAR,VariableByMonth,1,ONWAAR,energy,0,20,0,low,low
CID-8DAD7627,WAAR,ONWAAR,ONWAAR,,ONWAAR,Fixed,1,ONWAAR,energy,0,20,0,low,low
CID-44A48DCB,WAAR,ONWAAR,ONWAAR,,ONWAAR,Fixed,1,ONWAAR,energy,0,20,0,low,low
CID-2FB7D893,WAAR,ONWAAR,ONWAAR,,ONWAAR,VariableByMonth,1,ONWAAR,energy,0,20,0,low,low
CID-E2E4AB04,WAAR,ONWAAR,ONWAAR,,ONWAAR,Fixed,1,ONWAAR,energy,0,20,0,low,low
CID-94A8DC5F,WAAR,ONWAAR,ONWAAR,,ONWAAR,VariableByMonth,1,ONWAAR,energy,0,20,0,low,low
CID-E8BE08CC,WAAR,ONWAAR,ONWAAR,,ONWAAR,VariableByMonth,1,ONWAAR,energy,0,20,0,low,low
CID-9E1F1092,WAAR,ONWAAR,ONWAAR,,ONWAAR,VariableByMonth,1,ONWAAR,energy,0,20,0,low,low
CID-5E034285,WAAR,ONWAAR,ONWAAR,,ONWAAR,Fixed,1,ONWAAR,energy,0,20,0,low,low
CID-542A15DE,WAAR,ONWAAR,ONWAAR,,ONWAAR,Fixed,1,ONWAAR,energy,0,20,0,low,low
CID-D0626FD2,WAAR,ONWAAR,ONWAAR,,ONWAAR,VariableByMonth,1,ONWAAR,energy,0,20,0,low,low
CID-DE9F0FCD,WAAR,ONWAAR,ONWAAR,,ONWAAR,Fixed,1,ONWAAR,energy,0,20,0,low,low
CID-561DD6DF,WAAR,ONWAAR,ONWAAR,,ONWAAR,VariableByMonth,1,ONWAAR,energy,0,20,0,low,low
CID-45DEEF78,WAAR,ONWAAR,ONWAAR,,ONWAAR,Fixed,1,ONWAAR,energy,0,20,0,low,low
CID-A97FB70A,WAAR,ONWAAR,ONWAAR,,ONWAAR,VariableByMonth,1,ONWAAR,energy,0,20,0,low,low
CID-DCC298CB,WAAR,ONWAAR,ONWAAR,,ONWAAR,VariableByMonth,1,ONWAAR,energy,0,20,0,low,low
CID-C46D6558,WAAR,ONWAAR,ONWAAR,,ONWAAR,Fixed,1,ONWAAR,energy,0,20,0,low,low
CID-2E4BDFDE,WAAR,ONWAAR,ONWAAR,,ONWAAR,Fixed,1,ONWAAR,energy,0,20,0,low,low
CID-D384B7EF,WAAR,ONWAAR,ONWAAR,,ONWAAR,Fixed,1,ONWAAR,energy,0,20,0,low,low
CID-805B38C1,WAAR,ONWAAR,ONWAAR,,ONWAAR,VariableByMonth,1,ONWAAR,energy,0,20,0,low,low
CID-A2C5B596,WAAR,ONWAAR,ONWAAR,,ONWAAR,VariableByMonth,1,ONWAAR,energy,0,20,0,low,low
CID-E86F57DB,WAAR,ONWAAR,ONWAAR,,ONWAAR,VariableByMonth,1,ONWAAR,energy,0,20,0,low,low
CID-070E751A,WAAR,ONWAAR,ONWAAR,,ONWAAR,Fixed,1,ONWAAR,energy,0,20,0,low,low
CID-38899E6D,WAAR,ONWAAR,ONWAAR,,ONWAAR,VariableByMonth,1,ONWAAR,energy,0,20,0,low,low
CID-B2DCCDB0,WAAR,ONWAAR,ONWAAR,,ONWAAR,Fixed,1,ONWAAR,energy,0,20,0,low,low
CID-AEBB3BA5,WAAR,ONWAAR,ONWAAR,,ONWAAR,VariableByMonth,1,ONWAAR,energy,0,20,0,low,low
CID-206900A8,WAAR,ONWAAR,ONWAAR,,ONWAAR,VariableByMonth,1,ONWAAR,energy,0,20,0,low,low
CID-19A2BDBA,WAAR,ONWAAR,ONWAAR,,ONWAAR,VariableByMonth,1,ONWAAR,energy,0,20,0,low,low
CID-7B9C65DC,WAAR,ONWAAR,ONWAAR,,ONWAAR,VariableByMonth,1,ONWAAR,energy,0,20,0,low,low
CID-AEE1F216,WAAR,ONWAAR,ONWAAR,,ONWAAR,Dynamic,1,ONWAAR,energy,0,20,0,low,low
CID-D8A2ACD6,WAAR,ONWAAR,ONWAAR,,ONWAAR,VariableByMonth,1,ONWAAR,energy,0,20,0,low,low
CID-20F165F8,WAAR,ONWAAR,ONWAAR,,ONWAAR,Fixed,1,ONWAAR,energy,0,20,0,low,low
CID-405CB246,WAAR,ONWAAR,ONWAAR,,ONWAAR,VariableByMonth,1,ONWAAR,energy,0,20,0,low,low
CID-B39C774D,WAAR,ONWAAR,ONWAAR,,ONWAAR,Fixed,1,ONWAAR,energy,0,20,0,low,low
CID-37A6C6E9,WAAR,ONWAAR,ONWAAR,,ONWAAR,Fixed,1,ONWAAR,energy,0,20,0,low,low
CID-453AC8B1,WAAR,ONWAAR,ONWAAR,,ONWAAR,Fixed,1,ONWAAR,energy,0,20,0,low,low
CID-78569C5D,WAAR,ONWAAR,ONWAAR,,ONWAAR,Fixed,1,ONWAAR,energy,0,20,0,low,low
CID-0905B934,WAAR,ONWAAR,ONWAAR,,ONWAAR,Fixed,1,ONWAAR,energy,0,20,0,low,low
CID-4A3FF486,WAAR,ONWAAR,ONWAAR,,ONWAAR,Fixed,1,ONWAAR,energy,0,20,0,low,low
CID-A4967B16,WAAR,ONWAAR,ONWAAR,,ONWAAR,Fixed,1,ONWAAR,energy,0,20,0,low,low
CID-4BC941EE,WAAR,ONWAAR,ONWAAR,,ONWAAR,Fixed,1,ONWAAR,energy,0,20,0,low,low
CID-8B3DD778,WAAR,ONWAAR,ONWAAR,,ONWAAR,VariableByMonth,1,ONWAAR,energy,0,20,0,low,low
CID-65928A20,WAAR,ONWAAR,ONWAAR,,ONWAAR,VariableByMonth,1,ONWAAR,energy,0,20,0,low,low
CID-AD385F2F,WAAR,ONWAAR,ONWAAR,,ONWAAR,Fixed,1,ONWAAR,energy,0,20,0,low,low
CID-D9CBD094,WAAR,ONWAAR,ONWAAR,,ONWAAR,Fixed,1,ONWAAR,energy,0,20,0,low,low
CID-941B23A4,WAAR,ONWAAR,ONWAAR,,ONWAAR,Fixed,1,ONWAAR,energy,0,20,0,low,low
CID-EBF0E662,WAAR,ONWAAR,ONWAAR,,ONWAAR,Fixed,1,ONWAAR,energy,0,20,0,low,low
CID-9F2260EA,WAAR,ONWAAR,ONWAAR,,ONWAAR,Fixed,1,ONWAAR,energy,0,20,0,low,low
CID-E5BC9CF2,WAAR,ONWAAR,ONWAAR,,ONWAAR,VariableByMonth,1,ONWAAR,energy,0,20,0,low,low
CID-FF94E7FE,WAAR,ONWAAR,ONWAAR,,ONWAAR,VariableByMonth,1,ONWAAR,energy,0,20,0,low,low
CID-FE80A861,WAAR,ONWAAR,ONWAAR,,ONWAAR,Fixed,1,ONWAAR,energy,0,20,0,low,low
CID-FA3790E8,WAAR,ONWAAR,ONWAAR,,ONWAAR,Fixed,1,ONWAAR,energy,0,20,0,low,low
CID-793C57D5,WAAR,ONWAAR,ONWAAR,,ONWAAR,Fixed,1,ONWAAR,energy,0,20,0,low,low
CID-00D9D6EC,WAAR,ONWAAR,ONWAAR,,ONWAAR,VariableByMonth,1,ONWAAR,energy,0,20,0,low,low
CID-412C2C95,WAAR,ONWAAR,ONWAAR,,ONWAAR,Fixed,1,ONWAAR,energy,0,20,0,low,low
CID-0FD97A9C,WAAR,ONWAAR,ONWAAR,,ONWAAR,Fixed,1,ONWAAR,energy,0,20,0,low,low
CID-D9744910,WAAR,ONWAAR,ONWAAR,,ONWAAR,Dynamic,1,ONWAAR,energy,0,20,0,low,low
CID-F6F104FB,WAAR,ONWAAR,ONWAAR,,ONWAAR,Fixed,1,ONWAAR,energy,0,20,0,low,low
CID-A0520129,WAAR,ONWAAR,ONWAAR,,ONWAAR,Fixed,1,ONWAAR,energy,0,20,0,low,low
CID-E84A5616,WAAR,ONWAAR,ONWAAR,,ONWAAR,Dynamic,1,ONWAAR,energy,0,20,0,low,low
CID-6AC3A3F9,WAAR,ONWAAR,ONWAAR,,ONWAAR,Fixed,1,ONWAAR,energy,0,20,0,low,low
CID-A89F1DA9,WAAR,ONWAAR,ONWAAR,,ONWAAR,Fixed,1,ONWAAR,energy,0,20,0,low,low
CID-A5AED290,WAAR,ONWAAR,ONWAAR,,ONWAAR,Fixed,1,ONWAAR,energy,0,20,0,low,low
CID-F1714A7C,WAAR,ONWAAR,ONWAAR,,ONWAAR,Fixed,1,ONWAAR,energy,0,20,0,low,low
CID-07ED75E2,WAAR,ONWAAR,ONWAAR,,ONWAAR,VariableByMonth,1,ONWAAR,energy,0,20,0,low,low
CID-C3D5D916,WAAR,ONWAAR,ONWAAR,,ONWAAR,VariableByMonth,1,ONWAAR,energy,0,20,0,low,low
CID-DD69AF55,WAAR,ONWAAR,ONWAAR,,ONWAAR,Fixed,1,ONWAAR,energy,0,20,0,low,low
CID-45B1F98B,WAAR,ONWAAR,ONWAAR,,ONWAAR,Fixed,1,ONWAAR,energy,0,20,0,low,low
CID-571A4942,WAAR,ONWAAR,ONWAAR,,ONWAAR,Fixed,1,ONWAAR,energy,0,20,0,low,low
CID-3672DBD0,WAAR,ONWAAR,ONWAAR,,ONWAAR,Fixed,1,ONWAAR,energy,0,20,0,low,low
CID-155C54F9,WAAR,ONWAAR,ONWAAR,,ONWAAR,Fixed,1,ONWAAR,energy,0,20,0,low,low
CID-20B836ED,WAAR,ONWAAR,ONWAAR,,ONWAAR,Fixed,1,ONWAAR,energy,0,20,0,low,low
CID-7B3F2117,WAAR,ONWAAR,ONWAAR,,ONWAAR,Fixed,1,ONWAAR,energy,0,20,0,low,low
CID-1C9BE9D9,WAAR,ONWAAR,ONWAAR,,ONWAAR,Fixed,1,ONWAAR,energy,0,20,0,low,low
CID-621437D0,WAAR,ONWAAR,ONWAAR,,ONWAAR,Fixed,1,ONWAAR,energy,0,20,0,low,low
CID-4CAC20A8,WAAR,ONWAAR,ONWAAR,,ONWAAR,Fixed,1,ONWAAR,energy,0,20,0,low,low
CID-2AC7DFBE,WAAR,ONWAAR,ONWAAR,,ONWAAR,VariableByMonth,1,ONWAAR,energy,0,20,0,low,low
CID-08706C66,WAAR,ONWAAR,ONWAAR,,ONWAAR,Fixed,1,ONWAAR,energy,0,20,0,low,low
CID-6063FDF2,WAAR,ONWAAR,ONWAAR,,ONWAAR,VariableByMonth,1,ONWAAR,energy,0,20,0,low,low
CID-48C97D83,WAAR,ONWAAR,ONWAAR,,ONWAAR,VariableByMonth,1,ONWAAR,energy,0,20,0,low,low
CID-F92B0734,WAAR,ONWAAR,ONWAAR,,ONWAAR,VariableByMonth,1,ONWAAR,energy,0,20,0,low,low
CID-CAEFF57F,WAAR,ONWAAR,ONWAAR,,ONWAAR,Fixed,1,ONWAAR,energy,0,20,0,low,low
CID-E2864AAE,WAAR,ONWAAR,ONWAAR,,ONWAAR,Fixed,1,ONWAAR,energy,0,20,0,low,low
CID-D53770EF,WAAR,ONWAAR,ONWAAR,,ONWAAR,Fixed,1,ONWAAR,energy,0,20,0,low,low
CID-E288A565,WAAR,ONWAAR,ONWAAR,,ONWAAR,Fixed,1,ONWAAR,energy,0,20,0,low,low
CID-429C8606,WAAR,ONWAAR,ONWAAR,,ONWAAR,Fixed,1,ONWAAR,energy,0,20,0,low,low
CID-6813AA15,WAAR,ONWAAR,ONWAAR,,ONWAAR,Fixed,1,ONWAAR,energy,0,20,0,low,low
CID-FE7D5505,WAAR,ONWAAR,ONWAAR,,ONWAAR,Dynamic,1,ONWAAR,energy,0,20,0,low,low
CID-CC0CE1ED,WAAR,ONWAAR,ONWAAR,,ONWAAR,Fixed,1,ONWAAR,energy,0,20,0,low,low
CID-EC4AFCF3,WAAR,ONWAAR,ONWAAR,,ONWAAR,VariableByMonth,1,ONWAAR,energy,0,20,0,low,low
CID-A94F01C1,WAAR,ONWAAR,ONWAAR,,ONWAAR,VariableByMonth,1,ONWAAR,energy,0,20,0,low,low
CID-06A0D43D,WAAR,ONWAAR,ONWAAR,,ONWAAR,Fixed,1,ONWAAR,energy,0,20,0,low,low
CID-ACDCD07F,WAAR,ONWAAR,ONWAAR,,ONWAAR,Fixed,1,ONWAAR,energy,0,20,0,low,low
CID-A685D52C,WAAR,ONWAAR,ONWAAR,,ONWAAR,VariableByMonth,1,ONWAAR,energy,0,20,0,low,low
CID-1B679F3A,WAAR,ONWAAR,ONWAAR,,ONWAAR,VariableByMonth,1,ONWAAR,energy,0,20,0,low,low
CID-3FA8E1C7,WAAR,ONWAAR,WAAR,,ONWAAR,VariableByMonth,2,WAAR,"energy,internet",0,0,20,low,low
CID-6575C38A,WAAR,ONWAAR,WAAR,,ONWAAR,Fixed,2,WAAR,"energy,internet",0,0,20,low,low
CID-997229FB,WAAR,ONWAAR,WAAR,,ONWAAR,VariableByMonth,2,WAAR,"energy,internet",0,0,20,low,low
CID-73465C7E,WAAR,ONWAAR,WAAR,,ONWAAR,VariableByMonth,2,WAAR,"energy,internet",0,0,20,low,low
CID-1B53CB43,WAAR,ONWAAR,WAAR,,ONWAAR,Fixed,2,WAAR,"energy,internet",0,0,20,low,low
CID-0254C322,WAAR,ONWAAR,WAAR,,ONWAAR,VariableByMonth,2,WAAR,"energy,internet",0,0,20,low,low
CID-CE19642D,WAAR,ONWAAR,WAAR,,ONWAAR,VariableByMonth,2,WAAR,"energy,internet",0,0,20,low,low
CID-1A89C8D0,WAAR,ONWAAR,WAAR,,ONWAAR,VariableByMonth,2,WAAR,"energy,internet",0,0,20,low,low
CID-C4FAFC8B,WAAR,ONWAAR,WAAR,,ONWAAR,Fixed,2,WAAR,"energy,internet",0,0,20,low,low
CID-218AB7FA,WAAR,ONWAAR,WAAR,,ONWAAR,VariableByMonth,2,WAAR,"energy,internet",0,0,20,low,low
CID-6F03EC50,WAAR,ONWAAR,WAAR,,ONWAAR,VariableByMonth,2,WAAR,"energy,internet",0,0,20,low,low
CID-77072ECB,WAAR,ONWAAR,WAAR,,ONWAAR,Fixed,2,WAAR,"energy,internet",0,0,20,low,low
CID-FE8712C5,WAAR,ONWAAR,WAAR,,ONWAAR,Fixed,2,WAAR,"energy,internet",0,0,20,low,low
CID-B8F20730,WAAR,ONWAAR,WAAR,,ONWAAR,Fixed,2,WAAR,"energy,internet",0,0,20,low,low
CID-192E78D5,WAAR,ONWAAR,WAAR,,ONWAAR,VariableByMonth,2,WAAR,"energy,internet",0,0,20,low,low
CID-D1CF0961,WAAR,ONWAAR,WAAR,,ONWAAR,Fixed,2,WAAR,"energy,internet",0,0,20,low,low
CID-FA45D449,WAAR,ONWAAR,WAAR,,ONWAAR,VariableByMonth,2,WAAR,"energy,internet",0,0,20,low,low
CID-4B4EE473,WAAR,ONWAAR,WAAR,,ONWAAR,Fixed,2,WAAR,"energy,internet",0,0,20,low,low
CID-C4F0A144,WAAR,ONWAAR,WAAR,,ONWAAR,Fixed,2,WAAR,"energy,internet",0,0,20,low,low
CID-0260E76E,WAAR,ONWAAR,WAAR,,ONWAAR,VariableByMonth,2,WAAR,"energy,internet",0,0,20,low,low
CID-E8BAC2E2,WAAR,ONWAAR,ONWAAR,,ONWAAR,Fixed,1,ONWAAR,energy,0,20,0,low,low
CID-9C198757,WAAR,ONWAAR,ONWAAR,,ONWAAR,Fixed,1,ONWAAR,energy,0,20,0,low,low
CID-A54D0886,WAAR,ONWAAR,ONWAAR,,ONWAAR,Fixed,1,ONWAAR,energy,0,20,0,low,low
CID-DD637E11,WAAR,ONWAAR,ONWAAR,,ONWAAR,Fixed,1,ONWAAR,energy,0,20,0,low,low
CID-E350C3ED,WAAR,ONWAAR,ONWAAR,,ONWAAR,Fixed,1,ONWAAR,energy,0,20,0,low,low
CID-D1C4F8B2,WAAR,ONWAAR,ONWAAR,,ONWAAR,VariableByMonth,1,ONWAAR,energy,0,20,0,low,low
CID-5A32C929,WAAR,ONWAAR,ONWAAR,,ONWAAR,Fixed,1,ONWAAR,energy,0,20,0,low,low
CID-766A607C,WAAR,ONWAAR,ONWAAR,,ONWAAR,Fixed,1,ONWAAR,energy,0,20,0,low,low
CID-09F7BFFD,WAAR,ONWAAR,ONWAAR,,ONWAAR,Fixed,1,ONWAAR,energy,0,20,0,low,low
CID-C8310008,WAAR,ONWAAR,ONWAAR,,ONWAAR,VariableByMonth,1,ONWAAR,energy,0,20,0,low,low
CID-C75FE4C4,WAAR,ONWAAR,ONWAAR,,ONWAAR,VariableByMonth,1,ONWAAR,energy,0,20,0,low,low
CID-B652C721,WAAR,ONWAAR,ONWAAR,,ONWAAR,VariableByMonth,1,ONWAAR,energy,0,20,0,low,low
CID-B419A63B,WAAR,ONWAAR,ONWAAR,,ONWAAR,Fixed,1,ONWAAR,energy,0,20,0,low,low
CID-DE2D2FB5,WAAR,ONWAAR,ONWAAR,,ONWAAR,VariableByMonth,1,ONWAAR,energy,0,20,0,low,low
CID-4E90CC15,WAAR,ONWAAR,ONWAAR,,ONWAAR,VariableByMonth,1,ONWAAR,energy,0,20,0,low,low
CID-04EB781D,WAAR,ONWAAR,ONWAAR,,ONWAAR,Fixed,1,ONWAAR,energy,0,20,0,low,low
CID-B066B4A8,WAAR,ONWAAR,ONWAAR,,ONWAAR,Fixed,1,ONWAAR,energy,0,20,0,low,low
CID-846379BA,WAAR,ONWAAR,ONWAAR,,ONWAAR,Fixed,1,ONWAAR,energy,0,20,0,low,low
CID-E05406A2,WAAR,ONWAAR,ONWAAR,,ONWAAR,Fixed,1,ONWAAR,energy,0,20,0,low,low
CID-05FEB4C1,WAAR,ONWAAR,ONWAAR,,ONWAAR,Fixed,1,ONWAAR,energy,0,20,0,low,low
CID-30B5CB31,WAAR,ONWAAR,ONWAAR,,ONWAAR,Fixed,1,ONWAAR,energy,0,20,0,low,low
CID-JAIRO001,WAAR,WAAR,WAAR,,ONWAAR,Fixed,3,WAAR,energy+mobile+internet,48,80,5,high,low
